datetime,PRECTOTCORR,discharge_cfs
01-01-2003,0.54,3210
02-01-2003,0.26,3620
03-01-2003,0,3450
04-01-2003,0,2330
05-01-2003,0.04,1180
06-01-2003,0,932
07-01-2003,0,791
08-01-2003,0,705
09-01-2003,1.06,654
10-01-2003,0.86,649
11-01-2003,0,618
12-01-2003,0,566
13-01-2003,0,523
14-01-2003,0,498
15-01-2003,0.01,481
16-01-2003,0.48,466
17-01-2003,0,454
18-01-2003,0,440
19-01-2003,0,431
20-01-2003,0.04,422
21-01-2003,0.21,419
22-01-2003,0.16,420
23-01-2003,0,410
24-01-2003,0,393
25-01-2003,0,382
26-01-2003,0.03,377
27-01-2003,0,374
28-01-2003,1.63,370
29-01-2003,26.58,390
30-01-2003,3.17,2800
31-01-2003,0.08,3610
01-02-2003,0,3200
02-02-2003,0.05,2190
03-02-2003,1.79,1180
04-02-2003,0.31,856
05-02-2003,5.12,719
06-02-2003,26.7,1020
07-02-2003,0.24,2290
08-02-2003,0.94,2600
09-02-2003,9.36,2230
10-02-2003,0.45,1760
11-02-2003,0,1600
12-02-2003,0,1480
13-02-2003,0.1,1060
14-02-2003,1.46,842
15-02-2003,21.35,766
16-02-2003,11.5,3230
17-02-2003,0.05,4610
18-02-2003,0,4850
19-02-2003,0.42,3130
20-02-2003,16.59,1920
21-02-2003,61.69,5170
22-02-2003,15.48,13500
23-02-2003,0,23900
24-02-2003,0.57,29300
25-02-2003,2.02,17700
26-02-2003,18.12,5040
27-02-2003,0.73,3750
28-02-2003,0.2,3590
01-03-2003,0.33,3340
02-03-2003,0.09,2370
03-03-2003,1.53,1760
04-03-2003,0.88,1480
05-03-2003,12.06,1320
06-03-2003,9.97,1410
07-03-2003,7.92,2110
08-03-2003,0.24,2470
09-03-2003,1.3,1600
10-03-2003,0,1220
11-03-2003,0.21,1030
12-03-2003,4.58,904
13-03-2003,24.14,860
14-03-2003,3.12,1540
15-03-2003,0.22,3180
16-03-2003,5.97,3210
17-03-2003,6.05,2240
18-03-2003,2.79,1750
19-03-2003,5.89,2580
20-03-2003,0.02,3010
21-03-2003,0,2390
22-03-2003,0,1370
23-03-2003,0,938
24-03-2003,0,791
25-03-2003,0.03,698
26-03-2003,1.51,633
27-03-2003,0.09,593
28-03-2003,0.26,563
29-03-2003,2.81,532
30-03-2003,0.43,503
31-03-2003,0,477
01-04-2003,0,450
02-04-2003,0.01,431
03-04-2003,0.1,415
04-04-2003,0.42,408
05-04-2003,3.57,402
06-04-2003,49.01,401
07-04-2003,25.2,2830
08-04-2003,20.85,5330
09-04-2003,0.18,9400
10-04-2003,0.03,7860
11-04-2003,0.03,2380
12-04-2003,0.02,1440
13-04-2003,0,897
14-04-2003,0.05,722
15-04-2003,0,622
16-04-2003,0.01,552
17-04-2003,0.01,506
18-04-2003,0,463
19-04-2003,0.02,429
20-04-2003,0.07,403
21-04-2003,0.24,384
22-04-2003,0.01,367
23-04-2003,0.02,342
24-04-2003,44.2,439
25-04-2003,14.81,779
26-04-2003,0.01,2130
27-04-2003,0,2470
28-04-2003,0.02,1400
29-04-2003,0.01,613
30-04-2003,0.06,463
01-05-2003,0.22,394
02-05-2003,4.54,354
03-05-2003,4.58,328
04-05-2003,0.32,308
05-05-2003,0.05,303
06-05-2003,0.87,292
07-05-2003,4.91,272
08-05-2003,0.18,263
09-05-2003,0.03,255
10-05-2003,0.91,244
11-05-2003,3.75,235
12-05-2003,0,230
13-05-2003,0.67,223
14-05-2003,12.19,220
15-05-2003,4.67,1590
16-05-2003,2.42,592
17-05-2003,18.72,460
18-05-2003,6.59,635
19-05-2003,7.28,550
20-05-2003,13.19,617
21-05-2003,11.51,1050
22-05-2003,0.3,701
23-05-2003,0,603
24-05-2003,0.04,414
25-05-2003,8.4,331
26-05-2003,3.71,318
27-05-2003,0.65,334
28-05-2003,0.04,348
29-05-2003,0.02,302
30-05-2003,0,271
31-05-2003,0.08,250
01-06-2003,0.52,234
02-06-2003,8.95,224
03-06-2003,13.77,302
04-06-2003,0.05,395
05-06-2003,0.88,370
06-06-2003,18.05,415
07-06-2003,3.59,515
08-06-2003,0.07,429
09-06-2003,0.16,341
10-06-2003,2.08,282
11-06-2003,16.15,255
12-06-2003,19.75,285
13-06-2003,27.57,386
14-06-2003,14.72,720
15-06-2003,7.33,846
16-06-2003,3,1440
17-06-2003,10.83,1620
18-06-2003,1.43,1750
19-06-2003,15.72,1720
20-06-2003,2.95,2010
21-06-2003,2.66,1500
22-06-2003,0.46,1050
23-06-2003,0.03,549
24-06-2003,1.2,386
25-06-2003,0.76,323
26-06-2003,2.86,285
27-06-2003,25.95,265
28-06-2003,4.55,379
29-06-2003,23.02,792
30-06-2003,55.79,758
01-07-2003,14.29,1890
02-07-2003,3.4,3210
03-07-2003,5.57,3810
04-07-2003,11.87,4090
05-07-2003,15.5,4290
06-07-2003,2.94,3220
07-07-2003,5.48,2280
08-07-2003,2.07,1330
09-07-2003,1.19,802
10-07-2003,3.13,608
11-07-2003,9.19,593
12-07-2003,2.93,656
13-07-2003,12.78,683
14-07-2003,2.47,1180
15-07-2003,0.94,1050
16-07-2003,3.03,702
17-07-2003,9.44,488
18-07-2003,0.71,951
19-07-2003,3.98,991
20-07-2003,3.77,1030
21-07-2003,5.69,596
22-07-2003,18.17,447
23-07-2003,7.69,1890
24-07-2003,0.01,2170
25-07-2003,0.1,2180
26-07-2003,0.17,1300
27-07-2003,0.15,620
28-07-2003,1,398
29-07-2003,3.25,356
30-07-2003,6.76,364
31-07-2003,6.62,380
01-08-2003,1.83,435
02-08-2003,3.69,355
03-08-2003,15.01,379
04-08-2003,5.95,943
05-08-2003,2.96,1620
06-08-2003,16.41,1280
07-08-2003,5.48,1180
08-08-2003,0.08,2680
09-08-2003,0.67,3100
10-08-2003,0.07,1160
11-08-2003,0.91,600
12-08-2003,16.74,480
13-08-2003,13.4,1260
14-08-2003,0.76,1350
15-08-2003,0.21,1280
16-08-2003,5.45,671
17-08-2003,0.9,477
18-08-2003,2.26,408
19-08-2003,2.23,372
20-08-2003,2.94,367
21-08-2003,1.55,368
22-08-2003,0.11,389
23-08-2003,0.75,359
24-08-2003,0.23,301
25-08-2003,1.97,279
26-08-2003,3.38,260
27-08-2003,10.08,248
28-08-2003,6.21,240
29-08-2003,4.28,308
30-08-2003,8.4,316
31-08-2003,8.16,301
01-09-2003,2.68,309
02-09-2003,2.2,284
03-09-2003,2.51,263
04-09-2003,1.37,252
05-09-2003,0,238
06-09-2003,9.04,239
07-09-2003,0.21,243
08-09-2003,0.01,228
09-09-2003,1.12,221
10-09-2003,0.24,245
11-09-2003,0.05,213
12-09-2003,0.52,195
13-09-2003,10.75,190
14-09-2003,0.51,206
15-09-2003,0,217
16-09-2003,0,199
17-09-2003,0.02,188
18-09-2003,0.69,179
19-09-2003,0,172
20-09-2003,2.17,166
21-09-2003,20.91,167
22-09-2003,18.52,236
23-09-2003,0,263
24-09-2003,0.01,226
25-09-2003,1.23,208
26-09-2003,0.66,197
27-09-2003,2.99,192
28-09-2003,0,182
29-09-2003,0,170
30-09-2003,0,164
01-10-2003,0,156
02-10-2003,0.02,153
03-10-2003,0,152
04-10-2003,0,153
05-10-2003,0.14,153
06-10-2003,1.78,153
07-10-2003,3.84,156
08-10-2003,0.53,162
09-10-2003,1.99,169
10-10-2003,16.23,174
11-10-2003,0.74,180
12-10-2003,0.02,178
13-10-2003,0,215
14-10-2003,0.06,227
15-10-2003,0,197
16-10-2003,0,182
17-10-2003,0.18,173
18-10-2003,0.01,169
19-10-2003,0,166
20-10-2003,0,164
21-10-2003,0,161
22-10-2003,0,158
23-10-2003,0.01,158
24-10-2003,0.49,157
25-10-2003,9.18,155
26-10-2003,14.92,325
27-10-2003,0.39,294
28-10-2003,0,228
29-10-2003,0.01,209
30-10-2003,0,192
31-10-2003,0,181
01-11-2003,0,175
02-11-2003,0.37,172
03-11-2003,0,168
04-11-2003,1.66,166
05-11-2003,5.44,193
06-11-2003,0.05,220
07-11-2003,0,219
08-11-2003,0,199
09-11-2003,0,190
10-11-2003,0.11,189
11-11-2003,0.02,183
12-11-2003,0.06,176
13-11-2003,0.01,169
14-11-2003,0,164
15-11-2003,0.01,161
16-11-2003,1.58,163
17-11-2003,1,166
18-11-2003,31.68,206
19-11-2003,0.42,372
20-11-2003,0,359
21-11-2003,0,380
22-11-2003,0.17,319
23-11-2003,4.6,256
24-11-2003,4.96,248
25-11-2003,0,268
26-11-2003,9.79,258
27-11-2003,57.68,2580
28-11-2003,8.86,4290
29-11-2003,0.05,5010
30-11-2003,0,5120
01-12-2003,0,2100
02-12-2003,0,778
03-12-2003,1.97,556
04-12-2003,0.39,460
05-12-2003,0,403
06-12-2003,0,363
07-12-2003,0,335
08-12-2003,0.02,317
09-12-2003,7.89,307
10-12-2003,2.45,317
11-12-2003,0,332
12-12-2003,0.02,322
13-12-2003,13.02,440
14-12-2003,0.12,555
15-12-2003,0.01,437
16-12-2003,2.04,411
17-12-2003,0,390
18-12-2003,0,339
19-12-2003,0,306
20-12-2003,0,283
21-12-2003,0,268
22-12-2003,0.58,258
23-12-2003,14.09,273
24-12-2003,0,402
25-12-2003,0.01,458
26-12-2003,0,509
27-12-2003,0,404
28-12-2003,1.12,339
29-12-2003,30.9,629
30-12-2003,0,2590
31-12-2003,0.01,3380
01-01-2004,0,3150
02-01-2004,0.08,1950
03-01-2004,0.05,967
04-01-2004,2.23,769
05-01-2004,18.91,740
06-01-2004,0,1670
07-01-2004,0,3040
08-01-2004,15.55,2750
09-01-2004,5.2,1720
10-01-2004,0,2380
11-01-2004,0,2290
12-01-2004,0,1380
13-01-2004,0.01,936
14-01-2004,0.05,776
15-01-2004,0,689
16-01-2004,0,629
17-01-2004,17.96,596
18-01-2004,2.01,1180
19-01-2004,0.23,2430
20-01-2004,0.01,2220
21-01-2004,0,1260
22-01-2004,0,872
23-01-2004,0,722
24-01-2004,5.86,639
25-01-2004,23.5,1310
26-01-2004,0.2,3590
27-01-2004,0.17,4160
28-01-2004,0,3820
29-01-2004,0.26,2090
30-01-2004,2.67,1320
31-01-2004,0,916
01-02-2004,0.53,784
02-02-2004,0.65,702
03-02-2004,0,642
04-02-2004,0.54,593
05-02-2004,35.35,856
06-02-2004,45.02,13400
07-02-2004,0,23100
08-02-2004,0,29700
09-02-2004,0.08,18000
10-02-2004,4.9,5130
11-02-2004,39.52,3770
12-02-2004,8.39,11300
13-02-2004,2.5,8530
14-02-2004,12.63,7000
15-02-2004,1.24,5680
16-02-2004,0,4600
17-02-2004,0.01,3720
18-02-2004,0,2440
19-02-2004,0,1690
20-02-2004,0,1410
21-02-2004,0,1230
22-02-2004,0,1080
23-02-2004,40.51,1780
24-02-2004,8.16,4040
25-02-2004,29.69,6170
26-02-2004,0.63,7840
27-02-2004,0,6690
28-02-2004,0.01,5670
29-02-2004,0.09,3090
01-03-2004,3.38,1670
02-03-2004,2.16,1350
03-03-2004,0.19,1220
04-03-2004,0.8,1120
05-03-2004,8.47,1040
06-03-2004,17.51,2750
07-03-2004,0.18,4910
08-03-2004,0,6130
09-03-2004,0,4210
10-03-2004,0,2090
11-03-2004,0,1310
12-03-2004,0,954
13-03-2004,0,830
14-03-2004,1.19,752
15-03-2004,1.67,718
16-03-2004,3.37,723
17-03-2004,0.13,694
18-03-2004,0,646
19-03-2004,0,598
20-03-2004,0.01,562
21-03-2004,0.01,529
22-03-2004,0,492
23-03-2004,0,466
24-03-2004,0,450
25-03-2004,0,441
26-03-2004,0,432
27-03-2004,0,420
28-03-2004,0,407
29-03-2004,3.09,411
30-03-2004,0.1,555
31-03-2004,0,528
01-04-2004,0,428
02-04-2004,0,391
03-04-2004,0,370
04-04-2004,0,354
05-04-2004,0,341
06-04-2004,0,333
07-04-2004,5.48,326
08-04-2004,1.63,360
09-04-2004,0,345
10-04-2004,2.36,321
11-04-2004,11.52,312
12-04-2004,6.42,332
13-04-2004,0.59,386
14-04-2004,0,441
15-04-2004,0.01,404
16-04-2004,0,358
17-04-2004,0,322
18-04-2004,0,297
19-04-2004,0,280
20-04-2004,0,267
21-04-2004,0.06,259
22-04-2004,0,251
23-04-2004,0,244
24-04-2004,0.49,237
25-04-2004,45.61,469
26-04-2004,0.67,2020
27-04-2004,0,2640
28-04-2004,0,2700
29-04-2004,9.86,1680
30-04-2004,1.36,1000
01-05-2004,25.25,570
02-05-2004,1.34,1300
03-05-2004,0.11,1380
04-05-2004,0,1150
05-05-2004,0,652
06-05-2004,0,475
07-05-2004,0,390
08-05-2004,0,341
09-05-2004,0.14,308
10-05-2004,0.08,285
11-05-2004,2.26,276
12-05-2004,31.1,339
13-05-2004,3.18,496
14-05-2004,9.09,550
15-05-2004,6.88,588
16-05-2004,1.44,562
17-05-2004,10.94,717
18-05-2004,9.33,703
19-05-2004,1.42,730
20-05-2004,0,706
21-05-2004,0.7,662
22-05-2004,0,484
23-05-2004,0.2,340
24-05-2004,0,280
25-05-2004,0,262
26-05-2004,0,242
27-05-2004,0,228
28-05-2004,4.09,222
29-05-2004,1.42,227
30-05-2004,14.38,220
31-05-2004,29.99,358
01-06-2004,28.1,2090
02-06-2004,10.01,3600
03-06-2004,3.33,2700
04-06-2004,0,1920
05-06-2004,0.02,1330
06-06-2004,11.7,693
07-06-2004,0.6,745
08-06-2004,0.59,915
09-06-2004,1.38,947
10-06-2004,0,581
11-06-2004,0.04,433
12-06-2004,0.45,366
13-06-2004,10.93,327
14-06-2004,15.86,312
15-06-2004,4.68,440
16-06-2004,8.24,545
17-06-2004,0.5,494
18-06-2004,4.69,458
19-06-2004,3.72,421
20-06-2004,0.89,369
21-06-2004,9.14,328
22-06-2004,10.39,288
23-06-2004,6.62,280
24-06-2004,24.48,306
25-06-2004,12.88,357
26-06-2004,9.23,396
27-06-2004,13.74,612
28-06-2004,12.37,1220
29-06-2004,14.16,1120
30-06-2004,12.82,1280
01-07-2004,16.87,1710
02-07-2004,12.82,4580
03-07-2004,2.82,6270
04-07-2004,0.29,6070
05-07-2004,1.07,4360
06-07-2004,2.36,3020
07-07-2004,1.81,1650
08-07-2004,12.98,783
09-07-2004,4.27,877
10-07-2004,0.15,1620
11-07-2004,0.02,2120
12-07-2004,0.17,1650
13-07-2004,0.03,812
14-07-2004,0.02,526
15-07-2004,1.55,428
16-07-2004,17.53,405
17-07-2004,5.81,512
18-07-2004,0.03,635
19-07-2004,0,551
20-07-2004,0,430
21-07-2004,0,356
22-07-2004,0.12,314
23-07-2004,3.34,291
24-07-2004,0.12,286
25-07-2004,6,258
26-07-2004,15.69,259
27-07-2004,0.63,321
28-07-2004,0,357
29-07-2004,0.01,342
30-07-2004,1.35,272
31-07-2004,8.93,242
01-08-2004,0.7,379
02-08-2004,0.15,629
03-08-2004,0,454
04-08-2004,0,284
05-08-2004,2.02,238
06-08-2004,0.03,223
07-08-2004,0,211
08-08-2004,0.17,196
09-08-2004,10.47,184
10-08-2004,12.59,309
11-08-2004,4.05,321
12-08-2004,1.06,270
13-08-2004,0,230
14-08-2004,0,195
15-08-2004,0,176
16-08-2004,0,163
17-08-2004,0,155
18-08-2004,0,150
19-08-2004,0.63,146
20-08-2004,17.97,151
21-08-2004,7.77,175
22-08-2004,8.58,299
23-08-2004,16.24,437
24-08-2004,1.95,385
25-08-2004,0.61,256
26-08-2004,0.24,259
27-08-2004,0.99,251
28-08-2004,21.43,227
29-08-2004,0.16,241
30-08-2004,2.87,204
31-08-2004,0.18,185
01-09-2004,0,171
02-09-2004,1.33,161
03-09-2004,14.6,156
04-09-2004,1.36,156
05-09-2004,0.01,156
06-09-2004,0,168
07-09-2004,0.03,222
08-09-2004,0,173
09-09-2004,0,151
10-09-2004,0,141
11-09-2004,0,135
12-09-2004,3.13,131
13-09-2004,1.07,129
14-09-2004,0.02,126
15-09-2004,7.31,134
16-09-2004,31.44,150
17-09-2004,0,162
18-09-2004,0,154
19-09-2004,0,133
20-09-2004,0,122
21-09-2004,0,122
22-09-2004,0,121
23-09-2004,0.05,118
24-09-2004,0,116
25-09-2004,0.01,113
26-09-2004,0,111
27-09-2004,0,110
28-09-2004,0,108
29-09-2004,0,106
30-09-2004,0,105
01-10-2004,0,104
02-10-2004,0.83,103
03-10-2004,0.03,103
04-10-2004,0.89,103
05-10-2004,1.8,104
06-10-2004,0.02,105
07-10-2004,0,104
08-10-2004,2.69,106
09-10-2004,6.56,114
10-10-2004,45.58,156
11-10-2004,4.56,257
12-10-2004,0.13,253
13-10-2004,0,220
14-10-2004,0.09,232
15-10-2004,0,192
16-10-2004,0,161
17-10-2004,0,143
18-10-2004,0.73,132
19-10-2004,11.77,125
20-10-2004,0.61,121
21-10-2004,1.92,119
22-10-2004,0.29,120
23-10-2004,14.56,121
24-10-2004,4.11,121
25-10-2004,2.84,126
26-10-2004,0.06,137
27-10-2004,0,133
28-10-2004,0.01,125
29-10-2004,0,120
30-10-2004,0.01,117
31-10-2004,0.7,115
01-11-2004,1.61,114
02-11-2004,33.09,116
03-11-2004,36.51,408
04-11-2004,0.58,648
05-11-2004,0,632
06-11-2004,0,576
07-11-2004,0,347
08-11-2004,0,257
09-11-2004,0,217
10-11-2004,7.81,195
11-11-2004,15.71,201
12-11-2004,0.37,218
13-11-2004,0.02,224
14-11-2004,0,287
15-11-2004,0,317
16-11-2004,0,248
17-11-2004,0,215
18-11-2004,1.46,197
19-11-2004,1.06,192
20-11-2004,14.61,216
21-11-2004,11.31,270
22-11-2004,8.8,352
23-11-2004,20.21,802
24-11-2004,15.77,1100
25-11-2004,0.03,2040
26-11-2004,0.02,2260
27-11-2004,28.84,2020
28-11-2004,0,2370
29-11-2004,0.5,2650
30-11-2004,19.04,2220
01-12-2004,0.01,1880
02-12-2004,0,2160
03-12-2004,0,1920
04-12-2004,0.01,1060
05-12-2004,20.57,722
06-12-2004,6.77,1330
07-12-2004,17.57,2830
08-12-2004,1.8,3890
09-12-2004,36.44,6450
10-12-2004,0.16,7190
11-12-2004,0,6070
12-12-2004,0,4750
13-12-2004,0,2400
14-12-2004,0,1720
15-12-2004,0,974
16-12-2004,0,709
17-12-2004,0,610
18-12-2004,0,552
19-12-2004,0,507
20-12-2004,0,467
21-12-2004,0.1,434
22-12-2004,22.15,461
23-12-2004,0.23,870
24-12-2004,0,727
25-12-2004,0,654
26-12-2004,0,575
27-12-2004,0,487
28-12-2004,0,437
29-12-2004,0,407
30-12-2004,0,385
31-12-2004,0.04,369
01-01-2005,0.45,357
02-01-2005,0.15,345
03-01-2005,0.01,333
04-01-2005,0,323
05-01-2005,0.82,310
06-01-2005,3.58,309
07-01-2005,16.47,319
08-01-2005,7.57,1290
09-01-2005,0,2500
10-01-2005,0.01,2450
11-01-2005,0.61,1690
12-01-2005,2.6,877
13-01-2005,33.09,1090
14-01-2005,0.04,3350
15-01-2005,0,4050
16-01-2005,0,4030
17-01-2005,0,2270
18-01-2005,0,1490
19-01-2005,0,843
20-01-2005,0,664
21-01-2005,0,588
22-01-2005,0.01,542
23-01-2005,0,499
24-01-2005,0,460
25-01-2005,0,431
26-01-2005,0,416
27-01-2005,0.06,398
28-01-2005,9.64,386
29-01-2005,5.57,561
30-01-2005,0.6,737
31-01-2005,14.39,1190
01-02-2005,54.05,4090
02-02-2005,14.55,9030
03-02-2005,0.59,9000
04-02-2005,0,7000
05-02-2005,0,4600
06-02-2005,0,2700
07-02-2005,7.99,1600
08-02-2005,14.14,1800
09-02-2005,27.65,5600
10-02-2005,0,5820
11-02-2005,0,4630
12-02-2005,0.03,3250
13-02-2005,19.65,2090
14-02-2005,1.22,3200
15-02-2005,0.11,4210
16-02-2005,0.13,4010
17-02-2005,0,2770
18-02-2005,0,1910
19-02-2005,0.01,1250
20-02-2005,4.25,975
21-02-2005,0.82,926
22-02-2005,0.19,992
23-02-2005,12.11,927
24-02-2005,2.63,1190
25-02-2005,0.02,1390
26-02-2005,0,1270
27-02-2005,6.82,969
28-02-2005,0.33,815
01-03-2005,0,717
02-03-2005,0.59,642
03-03-2005,2.82,592
04-03-2005,0.01,561
05-03-2005,0,533
06-03-2005,0,502
07-03-2005,18.14,511
08-03-2005,0.3,858
09-03-2005,0.23,1740
10-03-2005,0.04,1830
11-03-2005,0.28,1030
12-03-2005,0,734
13-03-2005,3.58,625
14-03-2005,2.08,613
15-03-2005,13.11,956
16-03-2005,6.54,1960
17-03-2005,0.02,1950
18-03-2005,0,1860
19-03-2005,1.7,1250
20-03-2005,11.61,1000
21-03-2005,3.43,1440
22-03-2005,14.96,2060
23-03-2005,0,2650
24-03-2005,0,2450
25-03-2005,0,1770
26-03-2005,21.93,1120
27-03-2005,1.64,2240
28-03-2005,1.83,3970
29-03-2005,0,3960
30-03-2005,14.63,2780
31-03-2005,40.85,5930
01-04-2005,31.01,6800
02-04-2005,0,7030
03-04-2005,0.01,6660
04-04-2005,0,3950
05-04-2005,0.31,1990
06-04-2005,45.84,1720
07-04-2005,3.68,6970
08-04-2005,0.09,7370
09-04-2005,0,8950
10-04-2005,0.02,5110
11-04-2005,33.23,2870
12-04-2005,7.32,4440
13-04-2005,0,3990
14-04-2005,0.01,3530
15-04-2005,0,2250
16-04-2005,0,1220
17-04-2005,0,961
18-04-2005,0,822
19-04-2005,0.01,731
20-04-2005,0.02,667
21-04-2005,0.46,620
22-04-2005,6.86,582
23-04-2005,0,915
24-04-2005,0,782
25-04-2005,4.87,650
26-04-2005,11.78,641
27-04-2005,0,996
28-04-2005,0.13,994
29-04-2005,6.6,826
30-04-2005,19.88,1840
01-05-2005,0,1520
02-05-2005,0,763
03-05-2005,0,589
04-05-2005,0,515
05-05-2005,0,473
06-05-2005,0,436
07-05-2005,0,412
08-05-2005,0,393
09-05-2005,1.66,376
10-05-2005,0.04,370
11-05-2005,0,361
12-05-2005,0.04,344
13-05-2005,0.42,327
14-05-2005,5.36,315
15-05-2005,3.98,316
16-05-2005,0,346
17-05-2005,0,325
18-05-2005,0.01,297
19-05-2005,0,280
20-05-2005,11.74,270
21-05-2005,0,299
22-05-2005,0,311
23-05-2005,0,288
24-05-2005,1.99,258
25-05-2005,0.02,244
26-05-2005,0.04,232
27-05-2005,0,226
28-05-2005,3.19,216
29-05-2005,27.84,227
30-05-2005,7.38,374
31-05-2005,15.73,399
01-06-2005,7.9,392
02-06-2005,0.4,360
03-06-2005,2.36,306
04-06-2005,0.14,269
05-06-2005,4.87,244
06-06-2005,8.14,423
07-06-2005,0.93,471
08-06-2005,1.67,770
09-06-2005,2.46,666
10-06-2005,4.93,445
11-06-2005,40.5,424
12-06-2005,2.81,424
13-06-2005,3.13,481
14-06-2005,0.69,525
15-06-2005,0.03,350
16-06-2005,0,273
17-06-2005,8.65,239
18-06-2005,0.42,232
19-06-2005,0,225
20-06-2005,0.01,205
21-06-2005,0.04,194
22-06-2005,0.01,186
23-06-2005,0,179
24-06-2005,0.05,173
25-06-2005,0.02,167
26-06-2005,0.66,163
27-06-2005,0.61,160
28-06-2005,5.89,166
29-06-2005,1.65,227
30-06-2005,0.95,198
01-07-2005,3.48,171
02-07-2005,1.44,193
03-07-2005,0.5,192
04-07-2005,4.18,164
05-07-2005,9.2,154
06-07-2005,17.85,175
07-07-2005,1.78,195
08-07-2005,11.37,180
09-07-2005,4.24,172
10-07-2005,42.94,175
11-07-2005,3.18,218
12-07-2005,7.05,259
13-07-2005,3.13,230
14-07-2005,10.51,272
15-07-2005,16.47,438
16-07-2005,12.99,546
17-07-2005,6.65,720
18-07-2005,0.2,729
19-07-2005,1.11,505
20-07-2005,1.24,324
21-07-2005,6.84,238
22-07-2005,0.76,226
23-07-2005,0.85,219
24-07-2005,0.1,207
25-07-2005,0,189
26-07-2005,0.22,169
27-07-2005,1.85,155
28-07-2005,7.79,152
29-07-2005,3.17,225
30-07-2005,1.9,335
31-07-2005,9.07,211
01-08-2005,3.84,207
02-08-2005,1.55,191
03-08-2005,5.66,186
04-08-2005,3.55,213
05-08-2005,8.03,188
06-08-2005,1.84,268
07-08-2005,0.31,256
08-08-2005,0.84,197
09-08-2005,4.23,164
10-08-2005,6.62,150
11-08-2005,0.86,153
12-08-2005,7.34,183
13-08-2005,0.25,202
14-08-2005,0.2,201
15-08-2005,2.54,182
16-08-2005,0.84,181
17-08-2005,0.79,154
18-08-2005,1.49,140
19-08-2005,0.51,133
20-08-2005,5.3,153
21-08-2005,4.54,173
22-08-2005,15.13,165
23-08-2005,0.95,246
24-08-2005,0.09,200
25-08-2005,1.54,181
26-08-2005,0.02,147
27-08-2005,0,131
28-08-2005,2.94,122
29-08-2005,88.79,1850
30-08-2005,4.16,8200
31-08-2005,1.77,6460
01-09-2005,0,7620
02-09-2005,0,5570
03-09-2005,0,2500
04-09-2005,0.31,1170
05-09-2005,0.02,628
06-09-2005,0.01,469
07-09-2005,0,401
08-09-2005,0,347
09-09-2005,0,313
10-09-2005,0,290
11-09-2005,0,268
12-09-2005,0,251
13-09-2005,0,240
14-09-2005,0,232
15-09-2005,0.09,225
16-09-2005,6.46,219
17-09-2005,0.27,216
18-09-2005,0,251
19-09-2005,0,237
20-09-2005,0,220
21-09-2005,0.01,208
22-09-2005,1.7,200
23-09-2005,0.7,195
24-09-2005,9.91,191
25-09-2005,45.76,189
26-09-2005,14.28,257
27-09-2005,0,637
28-09-2005,0.02,811
29-09-2005,0,761
30-09-2005,0,455
01-10-2005,0.97,304
02-10-2005,0.01,245
03-10-2005,0,215
04-10-2005,0,197
05-10-2005,0.01,185
06-10-2005,0.45,174
07-10-2005,0.1,164
08-10-2005,0,158
09-10-2005,0.02,154
10-10-2005,0,151
11-10-2005,0.01,148
12-10-2005,0,145
13-10-2005,0,144
14-10-2005,0,143
15-10-2005,0,140
16-10-2005,0,136
17-10-2005,0,132
18-10-2005,0,131
19-10-2005,0,128
20-10-2005,0,127
21-10-2005,0.08,127
22-10-2005,0,126
23-10-2005,0,123
24-10-2005,0,120
25-10-2005,0,119
26-10-2005,0,119
27-10-2005,0,120
28-10-2005,0,119
29-10-2005,0,119
30-10-2005,0,119
31-10-2005,0,120
01-11-2005,2.99,123
02-11-2005,0,124
03-11-2005,0,122
04-11-2005,0,121
05-11-2005,0.81,121
06-11-2005,0.09,121
07-11-2005,0,122
08-11-2005,0,120
09-11-2005,0,120
10-11-2005,0.22,118
11-11-2005,0,116
12-11-2005,0,115
13-11-2005,0.88,117
14-11-2005,1.81,120
15-11-2005,11.85,122
16-11-2005,2.51,150
17-11-2005,0,195
18-11-2005,0,160
19-11-2005,0,143
20-11-2005,2.77,140
21-11-2005,10.61,145
22-11-2005,0,151
23-11-2005,0,150
24-11-2005,0,145
25-11-2005,0,141
26-11-2005,9.65,147
27-11-2005,21,467
28-11-2005,3.39,582
29-11-2005,0,434
30-11-2005,0,316
01-12-2005,0.06,246
02-12-2005,0,211
03-12-2005,0.05,192
04-12-2005,12.89,183
05-12-2005,12.67,209
06-12-2005,0,211
07-12-2005,0.01,191
08-12-2005,10.09,196
09-12-2005,0.02,230
10-12-2005,0,246
11-12-2005,0,240
12-12-2005,0,221
13-12-2005,0,203
14-12-2005,24.94,200
15-12-2005,21.35,1040
16-12-2005,0,1880
17-12-2005,0.23,1880
18-12-2005,0,1430
19-12-2005,0,942
20-12-2005,0,528
21-12-2005,0,403
22-12-2005,0,345
23-12-2005,0,310
24-12-2005,19.99,309
25-12-2005,0.25,535
26-12-2005,0,598
27-12-2005,0,686
28-12-2005,0.01,609
29-12-2005,0,467
30-12-2005,0.57,383
31-12-2005,0.1,337
01-01-2006,0.13,311
02-01-2006,0.11,292
03-01-2006,0,275
04-01-2006,0,258
05-01-2006,0,243
06-01-2006,0,232
07-01-2006,0,223
08-01-2006,0,218
09-01-2006,0.07,213
10-01-2006,2.77,210
11-01-2006,0.94,208
12-01-2006,0.57,207
13-01-2006,17.03,219
14-01-2006,0,274
15-01-2006,0,419
16-01-2006,3.44,464
17-01-2006,29.23,455
18-01-2006,0,996
19-01-2006,0.01,1630
20-01-2006,6.24,1460
21-01-2006,5.01,985
22-01-2006,19.51,655
23-01-2006,10.55,824
24-01-2006,0.04,2050
25-01-2006,0.01,2900
26-01-2006,0,2790
27-01-2006,0,1980
28-01-2006,17.74,942
29-01-2006,11.33,1750
30-01-2006,1.71,2300
31-01-2006,0,2230
01-02-2006,0.19,1750
02-02-2006,24.89,1780
03-02-2006,7.64,2820
04-02-2006,0.27,3210
05-02-2006,0.01,2520
06-02-2006,9.98,1820
07-02-2006,0.01,1220
08-02-2006,0,967
09-02-2006,0.01,836
10-02-2006,41.01,774
11-02-2006,2.88,4860
12-02-2006,0,4880
13-02-2006,0,4830
14-02-2006,0,3910
15-02-2006,0.01,2330
16-02-2006,0.13,1400
17-02-2006,0.33,925
18-02-2006,7.34,791
19-02-2006,0.76,786
20-02-2006,8.89,744
21-02-2006,1.34,836
22-02-2006,4.07,927
23-02-2006,4.98,1140
24-02-2006,2.66,1080
25-02-2006,47.25,1830
26-02-2006,0.02,3470
27-02-2006,0,3770
28-02-2006,0,3580
01-03-2006,0,2490
02-03-2006,0,1320
03-03-2006,0,910
04-03-2006,0,746
05-03-2006,0.19,644
06-03-2006,0.08,573
07-03-2006,0,524
08-03-2006,0,486
09-03-2006,19.63,473
10-03-2006,0.59,1410
11-03-2006,0.16,2360
12-03-2006,0.08,2230
13-03-2006,8.77,1640
14-03-2006,0.37,963
15-03-2006,0,825
16-03-2006,4.3,943
17-03-2006,0.56,844
18-03-2006,2.86,679
19-03-2006,5.01,623
20-03-2006,43.88,1130
21-03-2006,5.57,8170
22-03-2006,0.02,10600
23-03-2006,0,13000
24-03-2006,0,7810
25-03-2006,0.03,3460
26-03-2006,0,2160
27-03-2006,0.01,1210
28-03-2006,0.54,925
29-03-2006,0.86,812
30-03-2006,0.04,749
31-03-2006,2.38,686
01-04-2006,0.05,650
02-04-2006,0.13,620
03-04-2006,0.02,573
04-04-2006,0,527
05-04-2006,0.01,482
06-04-2006,0.01,447
07-04-2006,3.21,422
08-04-2006,2.38,402
09-04-2006,0,384
10-04-2006,0,365
11-04-2006,0,352
12-04-2006,0,339
13-04-2006,0,323
14-04-2006,0,310
15-04-2006,0,295
16-04-2006,0,281
17-04-2006,0,268
18-04-2006,0,258
19-04-2006,0,248
20-04-2006,0.01,239
21-04-2006,14.5,236
22-04-2006,0.39,260
23-04-2006,0,393
24-04-2006,0.01,335
25-04-2006,11.18,294
26-04-2006,1.9,280
27-04-2006,0,273
28-04-2006,0,249
29-04-2006,3.65,237
30-04-2006,35.67,401
01-05-2006,2.43,560
02-05-2006,0.08,1020
03-05-2006,0.07,950
04-05-2006,4.86,595
05-05-2006,2.72,401
06-05-2006,17.97,429
07-05-2006,9.53,850
08-05-2006,4.06,1300
09-05-2006,16.16,1260
10-05-2006,31.77,2170
11-05-2006,1.94,3800
12-05-2006,0,4050
13-05-2006,0.07,4090
14-05-2006,3.37,3250
15-05-2006,0,1870
16-05-2006,1.09,861
17-05-2006,0.09,576
18-05-2006,0,468
19-05-2006,0,398
20-05-2006,0,351
21-05-2006,0,316
22-05-2006,0.01,287
23-05-2006,0.22,267
24-05-2006,0.06,247
25-05-2006,0.02,231
26-05-2006,0,219
27-05-2006,0.72,206
28-05-2006,2.22,194
29-05-2006,7.68,187
30-05-2006,0.11,187
31-05-2006,0.02,243
01-06-2006,0.58,208
02-06-2006,2.29,181
03-06-2006,0.01,167
04-06-2006,1.32,157
05-06-2006,0.23,151
06-06-2006,0.04,145
07-06-2006,0.06,140
08-06-2006,0,137
09-06-2006,0,133
10-06-2006,0,129
11-06-2006,0,124
12-06-2006,1.1,122
13-06-2006,0.17,118
14-06-2006,0.01,114
15-06-2006,0.02,112
16-06-2006,3.18,111
17-06-2006,4.65,113
18-06-2006,2.44,112
19-06-2006,2.47,110
20-06-2006,0.17,110
21-06-2006,0,116
22-06-2006,0.02,113
23-06-2006,15.53,109
24-06-2006,2.15,104
25-06-2006,3.08,103
26-06-2006,0.05,101
27-06-2006,0,98.2
28-06-2006,0,95.5
29-06-2006,0.02,93.9
30-06-2006,0.01,92.6
01-07-2006,0.02,92.6
02-07-2006,0.79,93.2
03-07-2006,0.15,92.3
04-07-2006,1.99,92.3
05-07-2006,8.05,92.7
06-07-2006,8.49,113
07-07-2006,0.07,112
08-07-2006,1.29,103
09-07-2006,1.74,98.5
10-07-2006,0.42,94.6
11-07-2006,0.02,91.2
12-07-2006,0.12,88.5
13-07-2006,0.01,86.6
14-07-2006,0.05,85.1
15-07-2006,2.75,84.5
16-07-2006,0.58,84.6
17-07-2006,1.07,85.3
18-07-2006,1.07,87.1
19-07-2006,9.21,99.6
20-07-2006,0.15,119
21-07-2006,1.39,110
22-07-2006,17.67,110
23-07-2006,2.16,126
24-07-2006,1.31,125
25-07-2006,1.31,112
26-07-2006,0.11,100
27-07-2006,0.91,95.5
28-07-2006,2.17,92.8
29-07-2006,4.03,90
30-07-2006,17.94,94.8
31-07-2006,6.43,107
01-08-2006,5.89,97
02-08-2006,1.58,105
03-08-2006,0.8,102
04-08-2006,1.18,94.8
05-08-2006,14.62,96.9
06-08-2006,1.58,100
07-08-2006,0.62,91.2
08-08-2006,1.16,91.7
09-08-2006,10.07,93.3
10-08-2006,5.02,96.6
11-08-2006,0.62,95
12-08-2006,3.18,91.1
13-08-2006,1.87,102
14-08-2006,3.22,175
15-08-2006,9.43,135
16-08-2006,0.22,114
17-08-2006,0.59,98.6
18-08-2006,0.63,93.5
19-08-2006,0.03,86.9
20-08-2006,0.03,82.6
21-08-2006,2.2,80.6
22-08-2006,5.17,81.8
23-08-2006,4.55,86
24-08-2006,7.21,106
25-08-2006,1.16,108
26-08-2006,6.95,92.5
27-08-2006,0.98,107
28-08-2006,0.36,104
29-08-2006,3.6,97.4
30-08-2006,3.53,94.6
31-08-2006,0.76,89
01-09-2006,0,83.4
02-09-2006,0,80.6
03-09-2006,0,79
04-09-2006,0,77.3
05-09-2006,0,75.6
06-09-2006,0.03,75
07-09-2006,0.1,73.8
08-09-2006,0.15,73.2
09-09-2006,0.24,72.5
10-09-2006,0.66,72.7
11-09-2006,4.49,73.3
12-09-2006,16.15,79
13-09-2006,1.23,94.1
14-09-2006,0,85.6
15-09-2006,0.01,79.7
16-09-2006,0.01,77.4
17-09-2006,2.85,75.6
18-09-2006,18.74,91.8
19-09-2006,4.24,164
20-09-2006,0,132
21-09-2006,0.25,101
22-09-2006,1.37,90.1
23-09-2006,5.28,87.1
24-09-2006,4.07,94.2
25-09-2006,0,108
26-09-2006,0.01,122
27-09-2006,0.02,100
28-09-2006,0.05,89.3
29-09-2006,0,82.9
30-09-2006,0.04,79.8
01-10-2006,1.45,78.7
02-10-2006,0.84,78.5
03-10-2006,0.14,77
04-10-2006,0.32,78.7
05-10-2006,0,76.9
06-10-2006,0,74.3
07-10-2006,0,72.5
08-10-2006,0,71.9
09-10-2006,0,71.7
10-10-2006,0,71.4
11-10-2006,0.09,72
12-10-2006,1.16,71.7
13-10-2006,0.18,71.8
14-10-2006,0.07,69.8
15-10-2006,0.68,72.1
16-10-2006,49.75,79.2
17-10-2006,16.53,158
18-10-2006,0.04,170
19-10-2006,8.6,145
20-10-2006,0.06,173
21-10-2006,4.8,198
22-10-2006,6.13,174
23-10-2006,0,153
24-10-2006,0,136
25-10-2006,1.73,123
26-10-2006,17.86,118
27-10-2006,45.68,406
28-10-2006,0.07,667
29-10-2006,0,1260
30-10-2006,0,740
31-10-2006,0.04,405
01-11-2006,5.61,280
02-11-2006,0.17,220
03-11-2006,0,180
04-11-2006,0,165
05-11-2006,0,160
06-11-2006,32.75,230
07-11-2006,3.56,405
08-11-2006,0.03,475
09-11-2006,0,559
10-11-2006,0.05,418
11-11-2006,0.15,312
12-11-2006,0,236
13-11-2006,0,195
14-11-2006,12.57,183
15-11-2006,36.08,705
16-11-2006,0.15,357
17-11-2006,0,254
18-11-2006,0,249
19-11-2006,0.01,247
20-11-2006,0,216
21-11-2006,0,190
22-11-2006,0,181
23-11-2006,0,171
24-11-2006,0,163
25-11-2006,0,157
26-11-2006,0,151
27-11-2006,0,147
28-11-2006,0,146
29-11-2006,0.53,145
30-11-2006,9.72,149
01-12-2006,0.67,165
02-12-2006,0,183
03-12-2006,0,182
04-12-2006,0,178
05-12-2006,0,177
06-12-2006,0,168
07-12-2006,0,155
08-12-2006,0,146
09-12-2006,0,140
10-12-2006,0,138
11-12-2006,0.01,137
12-12-2006,26.2,257
13-12-2006,1.94,679
14-12-2006,0.02,603
15-12-2006,0.03,652
16-12-2006,0,519
17-12-2006,0,393
18-12-2006,0,311
19-12-2006,0.03,264
20-12-2006,8.01,238
21-12-2006,21.55,257
22-12-2006,3.59,367
23-12-2006,0,442
24-12-2006,8.97,395
25-12-2006,10.25,532
26-12-2006,0.09,622
27-12-2006,0,811
28-12-2006,0.09,725
29-12-2006,0.04,526
30-12-2006,30.39,545
31-12-2006,33.45,4580
01-01-2007,0,4900
02-01-2007,0,5470
03-01-2007,0,5400
04-01-2007,12.94,2970
05-01-2007,23.49,2640
06-01-2007,0.52,3220
07-01-2007,17.49,3710
08-01-2007,0.02,3690
09-01-2007,0,3200
10-01-2007,0,2170
11-01-2007,0,1300
12-01-2007,0,892
13-01-2007,0,732
14-01-2007,0.07,645
15-01-2007,8.51,592
16-01-2007,2.61,678
17-01-2007,0.68,749
18-01-2007,3.04,705
19-01-2007,0.89,687
20-01-2007,0.03,689
21-01-2007,20.06,780
22-01-2007,0.62,1300
23-01-2007,0.09,1370
24-01-2007,0.08,1310
25-01-2007,0,955
26-01-2007,0,728
27-01-2007,9.26,621
28-01-2007,0.16,649
29-01-2007,0,682
30-01-2007,0,712
31-01-2007,4.57,645
01-02-2007,20.19,868
02-02-2007,0.12,1960
03-02-2007,0,2410
04-02-2007,0,1990
05-02-2007,0,1270
06-02-2007,0,795
07-02-2007,0,641
08-02-2007,0.88,555
09-02-2007,2.85,507
10-02-2007,0.01,486
11-02-2007,0,476
12-02-2007,0.15,478
13-02-2007,18.85,843
14-02-2007,0.03,1210
15-02-2007,0,1330
16-02-2007,0,987
17-02-2007,0,671
18-02-2007,0,550
19-02-2007,0,473
20-02-2007,0.93,426
21-02-2007,2.01,399
22-02-2007,0,377
23-02-2007,0,356
24-02-2007,7.84,338
25-02-2007,4.33,426
26-02-2007,0,541
27-02-2007,0,541
28-02-2007,0.01,480
01-03-2007,9.75,414
02-03-2007,0,374
03-03-2007,0,391
04-03-2007,0,363
05-03-2007,0,343
06-03-2007,0,312
07-03-2007,0,286
08-03-2007,0,267
09-03-2007,0,254
10-03-2007,0,246
11-03-2007,0,236
12-03-2007,0,227
13-03-2007,0.22,222
14-03-2007,1.87,221
15-03-2007,3.42,225
16-03-2007,0.07,228
17-03-2007,0,223
18-03-2007,0,214
19-03-2007,0,207
20-03-2007,0,198
21-03-2007,0,192
22-03-2007,0,186
23-03-2007,0,182
24-03-2007,0,180
25-03-2007,0,175
26-03-2007,0,172
27-03-2007,0.06,169
28-03-2007,0,166
29-03-2007,0,162
30-03-2007,0,159
31-03-2007,4.14,159
01-04-2007,16.07,264
02-04-2007,0.59,317
03-04-2007,6.67,281
04-04-2007,2.19,245
05-04-2007,0,241
06-04-2007,0,225
07-04-2007,0,194
08-04-2007,0.03,178
09-04-2007,0,174
10-04-2007,8.03,172
11-04-2007,1.53,187
12-04-2007,0,195
13-04-2007,0,174
14-04-2007,27.32,210
15-04-2007,0.27,190
16-04-2007,0,160
17-04-2007,0.28,149
18-04-2007,3.98,146
19-04-2007,0,147
20-04-2007,0,142
21-04-2007,0,137
22-04-2007,0,133
23-04-2007,0.02,130
24-04-2007,0,129
25-04-2007,16.51,132
26-04-2007,18.56,291
27-04-2007,0,367
28-04-2007,0,276
29-04-2007,0,221
30-04-2007,0,186
01-05-2007,0,161
02-05-2007,0.01,145
03-05-2007,9.96,138
04-05-2007,1.59,153
05-05-2007,0.04,215
06-05-2007,0.63,225
07-05-2007,0.01,199
08-05-2007,0,167
09-05-2007,0,150
10-05-2007,0.46,138
11-05-2007,0.17,129
12-05-2007,0.01,122
13-05-2007,0,116
14-05-2007,0.5,112
15-05-2007,6.17,109
16-05-2007,21.13,113
17-05-2007,0,117
18-05-2007,0,138
19-05-2007,0,140
20-05-2007,0,119
21-05-2007,0,109
22-05-2007,0.01,105
23-05-2007,0.08,100
24-05-2007,0.4,96.3
25-05-2007,0,93.7
26-05-2007,0,92
27-05-2007,0,90.6
28-05-2007,0,90
29-05-2007,4.8,88.9
30-05-2007,5.38,92.7
31-05-2007,0.39,103
01-06-2007,0.25,99.4
02-06-2007,5.47,99.5
03-06-2007,0.48,102
04-06-2007,0.57,101
05-06-2007,0,95.9
06-06-2007,0.14,92.7
07-06-2007,2.07,92.1
08-06-2007,1.99,88.5
09-06-2007,8.93,89.5
10-06-2007,0.03,92
11-06-2007,0.06,92
12-06-2007,0.04,88.2
13-06-2007,0.12,80
14-06-2007,2.17,75.9
15-06-2007,7.77,75.5
16-06-2007,2.35,84.9
17-06-2007,0.2,83.8
18-06-2007,5.85,83.4
19-06-2007,29.71,99.6
20-06-2007,0.49,94.5
21-06-2007,0,88.9
22-06-2007,0,82
23-06-2007,0,76.7
24-06-2007,3.35,76.6
25-06-2007,6.44,76.7
26-06-2007,9.24,75
27-06-2007,6.66,75.9
28-06-2007,0.65,76.3
29-06-2007,0.03,72.9
30-06-2007,0.27,71.8
01-07-2007,9.18,69.4
02-07-2007,2.23,73.3
03-07-2007,13.23,77.6
04-07-2007,9.95,84.7
05-07-2007,11.27,99
06-07-2007,11.04,128
07-07-2007,17.43,172
08-07-2007,3.13,210
09-07-2007,6.57,165
10-07-2007,9.62,177
11-07-2007,8.11,182
12-07-2007,10.24,180
13-07-2007,10.01,181
14-07-2007,9.71,170
15-07-2007,8.55,172
16-07-2007,4.47,187
17-07-2007,5.56,190
18-07-2007,0.59,224
19-07-2007,0.22,308
20-07-2007,18.93,279
21-07-2007,2.58,175
22-07-2007,0,131
23-07-2007,10.05,114
24-07-2007,4.02,102
25-07-2007,0.33,93.6
26-07-2007,0.61,92.3
27-07-2007,0.65,87.3
28-07-2007,0.06,82.6
29-07-2007,0.84,80.1
30-07-2007,13.15,84.7
31-07-2007,2.23,92.8
01-08-2007,6,96.5
02-08-2007,2.92,97.6
03-08-2007,0.03,93.1
04-08-2007,0.18,87.6
05-08-2007,0.02,87.7
06-08-2007,1.68,78.6
07-08-2007,0.05,80.3
08-08-2007,0.06,77.3
09-08-2007,0.02,82.4
10-08-2007,0.48,82.1
11-08-2007,0.14,72.2
12-08-2007,0,66.4
13-08-2007,0,64.2
14-08-2007,0.01,62
15-08-2007,0.42,60.7
16-08-2007,0,59.1
17-08-2007,4.23,57.9
18-08-2007,0.79,57.1
19-08-2007,0.9,56.4
20-08-2007,0.49,57.5
21-08-2007,0.02,57.1
22-08-2007,0,56.1
23-08-2007,1.31,54.3
24-08-2007,2.23,53.3
25-08-2007,16.21,57.9
26-08-2007,3.04,99.4
27-08-2007,4.75,139
28-08-2007,3.89,162
29-08-2007,2.79,175
30-08-2007,22.95,143
31-08-2007,9.54,209
01-09-2007,5.17,242
02-09-2007,7.93,200
03-09-2007,5.52,177
04-09-2007,0.34,153
05-09-2007,0.15,122
06-09-2007,0.99,102
07-09-2007,3.95,89.9
08-09-2007,0.95,87.2
09-09-2007,0.01,77.7
10-09-2007,0,78.2
11-09-2007,12.62,97.6
12-09-2007,0.72,162
13-09-2007,10.94,135
14-09-2007,4.49,190
15-09-2007,0,159
16-09-2007,0,112
17-09-2007,0,92.9
18-09-2007,0,82.5
19-09-2007,0,75.4
20-09-2007,0,69.8
21-09-2007,0.6,66.1
22-09-2007,6.26,66.7
23-09-2007,13.66,80.2
24-09-2007,4.74,210
25-09-2007,1.02,163
26-09-2007,0.01,116
27-09-2007,0.92,104
28-09-2007,0,90.5
29-09-2007,0,82.1
30-09-2007,0,75
01-10-2007,0,70.8
02-10-2007,0,68.7
03-10-2007,0.25,68.1
04-10-2007,0.56,67
05-10-2007,0.73,67.1
06-10-2007,0.02,67.4
07-10-2007,0.02,66.6
08-10-2007,0.72,66.4
09-10-2007,8.42,66.6
10-10-2007,0,67.1
11-10-2007,0,72.2
12-10-2007,0,70.3
13-10-2007,0,68.1
14-10-2007,0,66.1
15-10-2007,0.4,65.7
16-10-2007,0.02,64.5
17-10-2007,11.38,65.4
18-10-2007,10.4,72.1
19-10-2007,1.15,96.4
20-10-2007,0.01,89.5
21-10-2007,0.28,75.5
22-10-2007,38.23,77
23-10-2007,14.61,135
24-10-2007,5.61,152
25-10-2007,1.01,133
26-10-2007,0.02,119
27-10-2007,0,107
28-10-2007,0,96.2
29-10-2007,0,90
30-10-2007,0,85.6
31-10-2007,0,82.3
01-11-2007,0,79.4
02-11-2007,0,77.1
03-11-2007,0,74.6
04-11-2007,0,72.4
05-11-2007,0,71.3
06-11-2007,0,69.9
07-11-2007,0,68
08-11-2007,0,66.4
09-11-2007,0,67
10-11-2007,0,69
11-11-2007,0,69.7
12-11-2007,0.02,69.5
13-11-2007,0.74,69.8
14-11-2007,3.87,70.3
15-11-2007,2.75,69.6
16-11-2007,0,68.8
17-11-2007,0.04,68.4
18-11-2007,4.3,70.3
19-11-2007,0.04,71.7
20-11-2007,0.12,72.1
21-11-2007,3.31,74.9
22-11-2007,0.7,73.5
23-11-2007,0.1,74.7
24-11-2007,2.69,73.8
25-11-2007,11.82,76.9
26-11-2007,18.58,111
27-11-2007,0.01,151
28-11-2007,0,185
29-11-2007,0,175
30-11-2007,0,131
01-12-2007,0,112
02-12-2007,1.74,104
03-12-2007,0.22,94.9
04-12-2007,0,87.8
05-12-2007,0,83.8
06-12-2007,0,83
07-12-2007,0.01,83.2
08-12-2007,4.68,82.6
09-12-2007,0.83,88.1
10-12-2007,0.01,93.4
11-12-2007,0.01,92.2
12-12-2007,0.43,89.8
13-12-2007,0.83,89.2
14-12-2007,0.07,88.9
15-12-2007,3.82,87
16-12-2007,0.09,85.5
17-12-2007,0,89.7
18-12-2007,0,90
19-12-2007,0.8,89.8
20-12-2007,40.97,134
21-12-2007,0.56,345
22-12-2007,10.78,554
23-12-2007,1.6,597
24-12-2007,0,481
25-12-2007,0.01,328
26-12-2007,3.37,246
27-12-2007,1.25,210
28-12-2007,6.56,191
29-12-2007,1.14,229
30-12-2007,18.78,375
31-12-2007,0.1,474
01-01-2008,0,392
02-01-2008,0,303
03-01-2008,0,233
04-01-2008,0,197
05-01-2008,0,172
06-01-2008,0.01,156
07-01-2008,0.06,145
08-01-2008,4.95,137
09-01-2008,7.6,149
10-01-2008,28.5,424
11-01-2008,0.02,688
12-01-2008,0,597
13-01-2008,0,509
14-01-2008,0,362
15-01-2008,0.03,274
16-01-2008,16.74,238
17-01-2008,0.06,284
18-01-2008,0.88,291
19-01-2008,16.82,296
20-01-2008,0,352
21-01-2008,0.02,360
22-01-2008,4.53,354
23-01-2008,1.34,332
24-01-2008,3.33,312
25-01-2008,9.52,321
26-01-2008,13.42,537
27-01-2008,0.24,910
28-01-2008,0,1170
29-01-2008,14.12,877
30-01-2008,0.07,955
31-01-2008,32.66,1090
01-02-2008,0.01,1640
02-02-2008,0.01,1630
03-02-2008,3.25,1410
04-02-2008,1.51,893
05-02-2008,5.28,636
06-02-2008,7.71,668
07-02-2008,0,750
08-02-2008,0,828
09-02-2008,0,664
10-02-2008,0,440
11-02-2008,0,342
12-02-2008,15.91,305
13-02-2008,2.1,670
14-02-2008,0,904
15-02-2008,0.29,900
16-02-2008,0.68,611
17-02-2008,20.35,583
18-02-2008,0,841
19-02-2008,0,915
20-02-2008,0.23,749
21-02-2008,40.13,538
22-02-2008,27.67,3450
23-02-2008,0.06,7820
24-02-2008,0.01,10900
25-02-2008,0.56,11900
26-02-2008,10.24,5490
27-02-2008,0,3130
28-02-2008,0,1880
29-02-2008,0.4,1160
01-03-2008,0.28,883
02-03-2008,0,744
03-03-2008,25,662
04-03-2008,16.35,4870
05-03-2008,0,6770
06-03-2008,5.32,6550
07-03-2008,14.03,5150
08-03-2008,0.2,3790
09-03-2008,0,3040
10-03-2008,0.1,1980
11-03-2008,6.35,1180
12-03-2008,0,973
13-03-2008,0,899
14-03-2008,0.35,812
15-03-2008,0.03,666
16-03-2008,0,568
17-03-2008,0,488
18-03-2008,4.51,435
19-03-2008,9.18,446
20-03-2008,0,568
21-03-2008,0,653
22-03-2008,0,636
23-03-2008,0,481
24-03-2008,0,397
25-03-2008,0,347
26-03-2008,0,314
27-03-2008,0,292
28-03-2008,0.02,280
29-03-2008,3.16,267
30-03-2008,0.13,257
31-03-2008,1.98,246
01-04-2008,19.22,298
02-04-2008,4.86,604
03-04-2008,0.04,793
04-04-2008,11.59,702
05-04-2008,12.4,565
06-04-2008,0.03,563
07-04-2008,0,918
08-04-2008,0,762
09-04-2008,0,494
10-04-2008,0.02,371
11-04-2008,13.13,312
12-04-2008,0.7,281
13-04-2008,0,250
14-04-2008,0,219
15-04-2008,0,200
16-04-2008,0,187
17-04-2008,0,177
18-04-2008,19.8,170
19-04-2008,0,182
20-04-2008,0,187
21-04-2008,0,386
22-04-2008,0.8,254
23-04-2008,0,200
24-04-2008,0,168
25-04-2008,0.02,146
26-04-2008,21.98,141
27-04-2008,13.19,346
28-04-2008,0.31,804
29-04-2008,0,536
30-04-2008,0,466
01-05-2008,0,378
02-05-2008,16.12,297
03-05-2008,19.87,300
04-05-2008,0,463
05-05-2008,0,731
06-05-2008,0,537
07-05-2008,0,349
08-05-2008,1.09,271
09-05-2008,0,231
10-05-2008,0.19,210
11-05-2008,0.07,186
12-05-2008,0,172
13-05-2008,0.16,160
14-05-2008,2.25,154
15-05-2008,68.12,537
16-05-2008,0.51,3470
17-05-2008,0,6510
18-05-2008,0.01,7470
19-05-2008,0,3010
20-05-2008,0,1190
21-05-2008,0.15,586
22-05-2008,11.41,414
23-05-2008,5.96,432
24-05-2008,2.26,736
25-05-2008,0.54,1110
26-05-2008,6.22,1320
27-05-2008,0.73,1610
28-05-2008,3.84,1140
29-05-2008,1.67,731
30-05-2008,0.01,505
31-05-2008,0.01,323
01-06-2008,9.81,301
02-06-2008,1,325
03-06-2008,0,251
04-06-2008,0,209
05-06-2008,0.02,181
06-06-2008,0.11,161
07-06-2008,0.01,148
08-06-2008,0,137
09-06-2008,2.94,130
10-06-2008,2.14,124
11-06-2008,3.88,121
12-06-2008,1.43,116
13-06-2008,5.63,113
14-06-2008,21.84,114
15-06-2008,2.56,146
16-06-2008,0.57,124
17-06-2008,6.52,120
18-06-2008,0,128
19-06-2008,0,117
20-06-2008,7.95,107
21-06-2008,4.8,146
22-06-2008,0.03,198
23-06-2008,0.02,156
24-06-2008,0.13,126
25-06-2008,2.67,124
26-06-2008,3.22,222
27-06-2008,10.65,124
28-06-2008,7.17,108
29-06-2008,3.28,126
30-06-2008,0.66,117
01-07-2008,0,106
02-07-2008,0.03,98.3
03-07-2008,2.04,95.4
04-07-2008,3.48,88.5
05-07-2008,3.97,82.9
06-07-2008,11.42,80.1
07-07-2008,1,170
08-07-2008,0.47,132
09-07-2008,1.69,106
10-07-2008,5.64,112
11-07-2008,2.37,107
12-07-2008,0.23,94
13-07-2008,0.77,82.7
14-07-2008,0.33,76.8
15-07-2008,0,72.5
16-07-2008,1.52,69.9
17-07-2008,1.7,68.3
18-07-2008,0.42,68.4
19-07-2008,0.05,67.2
20-07-2008,0.17,66.2
21-07-2008,0.58,64.3
22-07-2008,2.55,63
23-07-2008,12.77,60.3
24-07-2008,3.26,68.9
25-07-2008,3.75,75.7
26-07-2008,9.05,92.9
27-07-2008,16.1,87.1
28-07-2008,0.73,76.5
29-07-2008,1.96,82.1
30-07-2008,1.44,74.5
31-07-2008,4.68,74.9
01-08-2008,4.97,74.9
02-08-2008,4.01,70.9
03-08-2008,1.03,103
04-08-2008,0.43,90.4
05-08-2008,2.66,77.1
06-08-2008,0.2,67.4
07-08-2008,13.47,65.6
08-08-2008,0.93,76.8
09-08-2008,0,65.5
10-08-2008,1.22,62.2
11-08-2008,12.04,71.6
12-08-2008,49.05,107
13-08-2008,3.94,385
14-08-2008,0.02,261
15-08-2008,14.05,161
16-08-2008,8.09,125
17-08-2008,4.55,215
18-08-2008,1.82,240
19-08-2008,15.98,174
20-08-2008,11.22,190
21-08-2008,4.04,173
22-08-2008,0.24,146
23-08-2008,26.78,164
24-08-2008,29.62,292
25-08-2008,16.18,431
26-08-2008,1.19,653
27-08-2008,0.01,768
28-08-2008,2.26,521
29-08-2008,0.01,321
30-08-2008,2.26,221
31-08-2008,6.19,166
01-09-2008,28.77,158
02-09-2008,42.01,3070
03-09-2008,3.69,7830
04-09-2008,9.29,7040
05-09-2008,7.98,6650
06-09-2008,0.17,4160
07-09-2008,0,2810
08-09-2008,6.34,1530
09-09-2008,3.48,1200
10-09-2008,0.21,832
11-09-2008,1.82,676
12-09-2008,1.19,528
13-09-2008,0.65,426
14-09-2008,7.2,359
15-09-2008,0.4,318
16-09-2008,0,288
17-09-2008,0,263
18-09-2008,0.14,243
19-09-2008,11.56,230
20-09-2008,10.99,245
21-09-2008,0.29,537
22-09-2008,0,1730
23-09-2008,0,1250
24-09-2008,0,589
25-09-2008,0.01,361
26-09-2008,0,282
27-09-2008,0.01,237
28-09-2008,0.01,206
29-09-2008,0,185
30-09-2008,0,169
01-10-2008,0,157
02-10-2008,0.01,146
03-10-2008,0,138
04-10-2008,0,131
05-10-2008,0,126
06-10-2008,1.75,121
07-10-2008,23.38,122
08-10-2008,2.49,138
09-10-2008,0.01,289
10-10-2008,0,242
11-10-2008,0.02,220
12-10-2008,0.06,173
13-10-2008,0.09,148
14-10-2008,0,133
15-10-2008,0,124
16-10-2008,0.17,118
17-10-2008,9.2,121
18-10-2008,0,128
19-10-2008,0,122
20-10-2008,0,114
21-10-2008,0,109
22-10-2008,3.06,105
23-10-2008,2.84,106
24-10-2008,3.62,112
25-10-2008,0.03,118
26-10-2008,0,113
27-10-2008,0,105
28-10-2008,0,99.5
29-10-2008,0,96.1
30-10-2008,0,95.2
31-10-2008,0,95.5
01-11-2008,0,94.8
02-11-2008,0,93.8
03-11-2008,0,92.3
04-11-2008,0,91.6
05-11-2008,0,91.2
06-11-2008,0.47,90.4
07-11-2008,1.7,90.3
08-11-2008,0,88.4
09-11-2008,0,86.5
10-11-2008,0,85.3
11-11-2008,0.08,85.3
12-11-2008,13.65,97
13-11-2008,1,148
14-11-2008,4.81,133
15-11-2008,0.96,124
16-11-2008,0,129
17-11-2008,0,123
18-11-2008,0,113
19-11-2008,0,107
20-11-2008,0,102
21-11-2008,0,98.8
22-11-2008,0.04,97.4
23-11-2008,0.15,98.1
24-11-2008,10.58,102
25-11-2008,0,114
26-11-2008,0,128
27-11-2008,4.1,128
28-11-2008,59.04,180
29-11-2008,13.51,3090
30-11-2008,3.63,2930
01-12-2008,0.01,2030
02-12-2008,0,1300
03-12-2008,1.22,627
04-12-2008,23.49,514
05-12-2008,0,741
06-12-2008,0,930
07-12-2008,0,752
08-12-2008,0,530
09-12-2008,27.08,424
10-12-2008,19.71,3550
11-12-2008,44.73,8320
12-12-2008,0,10200
13-12-2008,0.04,11500
14-12-2008,1.02,10100
15-12-2008,12.85,4970
16-12-2008,7.02,2860
17-12-2008,0.95,2760
18-12-2008,0.12,2680
19-12-2008,0.01,2220
20-12-2008,0.21,1380
21-12-2008,0.29,949
22-12-2008,0,774
23-12-2008,0.15,654
24-12-2008,9.68,587
25-12-2008,2.16,561
26-12-2008,0.08,687
27-12-2008,4.19,979
28-12-2008,8.36,901
29-12-2008,1.92,1060
30-12-2008,0,1370
31-12-2008,0,1060
01-01-2009,0.02,728
02-01-2009,1.44,593
03-01-2009,11.93,567
04-01-2009,5.82,736
05-01-2009,12.78,1530
06-01-2009,39.94,2220
07-01-2009,0.37,5990
08-01-2009,0,6180
09-01-2009,0.06,7650
10-01-2009,10.81,4910
11-01-2009,0.19,2820
12-01-2009,0,1850
13-01-2009,0,1130
14-01-2009,0,881
15-01-2009,0,738
16-01-2009,0,642
17-01-2009,0.33,578
18-01-2009,3.57,558
19-01-2009,0,580
20-01-2009,0,546
21-01-2009,0,494
22-01-2009,0,457
23-01-2009,0.32,436
24-01-2009,3.58,425
25-01-2009,0.11,425
26-01-2009,0.02,424
27-01-2009,1.11,415
28-01-2009,4.51,419
29-01-2009,0,448
30-01-2009,0,450
31-01-2009,0,425
01-02-2009,0.28,399
02-02-2009,17.39,463
03-02-2009,0,844
04-02-2009,0,755
05-02-2009,0,624
06-02-2009,0,505
07-02-2009,0,436
08-02-2009,0,399
09-02-2009,0.24,380
10-02-2009,2.32,380
11-02-2009,4.58,435
12-02-2009,0,445
13-02-2009,38.04,547
14-02-2009,3.56,3500
15-02-2009,0.57,4280
16-02-2009,0,4030
17-02-2009,0.41,2770
18-02-2009,4.95,1450
19-02-2009,0,912
20-02-2009,0,765
21-02-2009,1.57,663
22-02-2009,0.02,594
23-02-2009,0,535
24-02-2009,0,485
25-02-2009,0,454
26-02-2009,0.35,430
27-02-2009,5.05,409
28-02-2009,5.16,402
01-03-2009,0.89,499
02-03-2009,0,541
03-03-2009,0,532
04-03-2009,0,444
05-03-2009,0,393
06-03-2009,0,363
07-03-2009,0,345
08-03-2009,0.01,338
09-03-2009,0,325
10-03-2009,0,312
11-03-2009,0,301
12-03-2009,0.49,288
13-03-2009,17.59,282
14-03-2009,35.43,507
15-03-2009,13.75,2440
16-03-2009,15.65,4460
17-03-2009,0.05,5090
18-03-2009,0,4250
19-03-2009,0,2940
20-03-2009,0,1570
21-03-2009,0,855
22-03-2009,0,654
23-03-2009,0,553
24-03-2009,3.22,493
25-03-2009,56.86,1200
26-03-2009,24.31,5340
27-03-2009,61.22,9900
28-03-2009,23.34,14400
29-03-2009,0,18700
30-03-2009,0,17900
31-03-2009,4.81,10900
01-04-2009,0.02,4360
02-04-2009,9.07,2740
03-04-2009,0.01,2230
04-04-2009,0.01,2550
05-04-2009,2.56,2100
06-04-2009,0,1320
07-04-2009,0,1000
08-04-2009,0,852
09-04-2009,0.02,751
10-04-2009,0.14,681
11-04-2009,0,618
12-04-2009,25.14,610
13-04-2009,41.43,3280
14-04-2009,0.17,2640
15-04-2009,0,2440
16-04-2009,0,1560
17-04-2009,0.41,935
18-04-2009,1.12,732
19-04-2009,7.2,662
20-04-2009,0.02,629
21-04-2009,0.08,575
22-04-2009,0.03,519
23-04-2009,0,471
24-04-2009,0,434
25-04-2009,0,404
26-04-2009,0,379
27-04-2009,0,359
28-04-2009,0.8,343
29-04-2009,0,328
30-04-2009,1.24,319
01-05-2009,0.02,312
02-05-2009,0.47,303
03-05-2009,23.13,300
04-05-2009,18.14,414
05-05-2009,2.66,444
06-05-2009,14.57,413
07-05-2009,6.35,523
08-05-2009,0,579
09-05-2009,1.52,503
10-05-2009,20.73,422
11-05-2009,3.07,606
12-05-2009,3.92,702
13-05-2009,3.41,770
14-05-2009,1.61,802
15-05-2009,1.63,718
16-05-2009,15.38,462
17-05-2009,17.52,725
18-05-2009,0,1020
19-05-2009,0,915
20-05-2009,0,592
21-05-2009,1.17,396
22-05-2009,9.67,322
23-05-2009,37.69,425
24-05-2009,13.19,848
25-05-2009,10.07,2450
26-05-2009,4.72,4670
27-05-2009,2.83,4510
28-05-2009,0.32,4170
29-05-2009,0,2420
30-05-2009,0,884
31-05-2009,0,541
01-06-2009,0.05,423
02-06-2009,0.01,357
03-06-2009,0.18,312
04-06-2009,21.9,310
05-06-2009,0.61,842
06-06-2009,0,1520
07-06-2009,0,1310
08-06-2009,0,776
09-06-2009,0,507
10-06-2009,0,342
11-06-2009,0,283
12-06-2009,0.31,250
13-06-2009,1.17,229
14-06-2009,0.08,211
15-06-2009,0,198
16-06-2009,0,186
17-06-2009,0,175
18-06-2009,0,166
19-06-2009,0,158
20-06-2009,0,149
21-06-2009,0,143
22-06-2009,0,137
23-06-2009,1.07,130
24-06-2009,0,123
25-06-2009,0.13,117
26-06-2009,0.02,113
27-06-2009,0.04,109
28-06-2009,0.69,105
29-06-2009,0.22,101
30-06-2009,0,96.1
01-07-2009,0.03,93.3
02-07-2009,0.03,91.1
03-07-2009,0,89.2
04-07-2009,0.18,87.7
05-07-2009,5.2,85.7
06-07-2009,15.45,89
07-07-2009,2.62,96.9
08-07-2009,0.36,117
09-07-2009,0,107
10-07-2009,0,95.7
11-07-2009,0.74,91.5
12-07-2009,13.73,92.1
13-07-2009,7.78,95.2
14-07-2009,2.17,128
15-07-2009,1.99,117
16-07-2009,10.9,119
17-07-2009,1.18,129
18-07-2009,0.01,151
19-07-2009,0,111
20-07-2009,0,98.3
21-07-2009,5.77,95.7
22-07-2009,6.91,101
23-07-2009,0.09,119
24-07-2009,0,128
25-07-2009,0,115
26-07-2009,1.4,105
27-07-2009,5,102
28-07-2009,15.83,124
29-07-2009,9.35,117
30-07-2009,8.88,129
31-07-2009,11.61,143
01-08-2009,7.33,197
02-08-2009,5.45,211
03-08-2009,0.91,200
04-08-2009,0.09,164
05-08-2009,0.1,156
06-08-2009,0.08,124
07-08-2009,0.01,117
08-08-2009,2.65,106
09-08-2009,7.19,104
10-08-2009,1.79,102
11-08-2009,3.75,107
12-08-2009,0.79,104
13-08-2009,0.74,109
14-08-2009,0.42,105
15-08-2009,0.05,94.6
16-08-2009,1.36,91.5
17-08-2009,0.44,87.3
18-08-2009,8.17,88.2
19-08-2009,4.14,87.4
20-08-2009,14.05,86.6
21-08-2009,24.04,118
22-08-2009,0.33,237
23-08-2009,0.01,144
24-08-2009,0,119
25-08-2009,0,105
26-08-2009,0.01,98
27-08-2009,0.43,93.1
28-08-2009,0.12,90.9
29-08-2009,5.98,86.6
30-08-2009,9.9,83.6
31-08-2009,0.05,108
01-09-2009,0.12,105
02-09-2009,1.63,98.4
03-09-2009,0.09,89
04-09-2009,2.3,85.4
05-09-2009,7.93,83.2
06-09-2009,9.03,88.2
07-09-2009,0.88,110
08-09-2009,0.5,95.3
09-09-2009,0.84,89.3
10-09-2009,7.26,83.7
11-09-2009,2.21,84.1
12-09-2009,5.03,91.1
13-09-2009,11.08,94.8
14-09-2009,11.17,115
15-09-2009,17.23,114
16-09-2009,14.82,110
17-09-2009,11.11,279
18-09-2009,19.64,278
19-09-2009,5.88,384
20-09-2009,3.05,265
21-09-2009,5.17,208
22-09-2009,30.19,163
23-09-2009,11.67,199
24-09-2009,0.8,560
25-09-2009,7.12,759
26-09-2009,14.19,655
27-09-2009,0.01,475
28-09-2009,0,309
29-09-2009,0,233
30-09-2009,0,196
01-10-2009,0.97,173
02-10-2009,15.85,196
03-10-2009,0.02,230
04-10-2009,14.7,226
05-10-2009,4.19,346
06-10-2009,3.14,559
07-10-2009,3.45,745
08-10-2009,0.2,503
09-10-2009,5.87,372
10-10-2009,1.48,304
11-10-2009,2.49,262
12-10-2009,16.56,249
13-10-2009,18.25,504
14-10-2009,12.78,1450
15-10-2009,9.02,2480
16-10-2009,0.42,2930
17-10-2009,0,2080
18-10-2009,0,1100
19-10-2009,0,566
20-10-2009,0,427
21-10-2009,0,352
22-10-2009,5.02,305
23-10-2009,3.8,299
24-10-2009,0,293
25-10-2009,0,274
26-10-2009,0.26,261
27-10-2009,5.65,254
28-10-2009,0.08,265
29-10-2009,2.13,256
30-10-2009,17.24,257
31-10-2009,7.91,507
01-11-2009,0,926
02-11-2009,0,1220
03-11-2009,0,845
04-11-2009,0,442
05-11-2009,0,308
06-11-2009,0,244
07-11-2009,0,210
08-11-2009,0.02,191
09-11-2009,14.21,176
10-11-2009,26.15,199
11-11-2009,0,253
12-11-2009,0,236
13-11-2009,0,211
14-11-2009,0,195
15-11-2009,0,183
16-11-2009,3.88,170
17-11-2009,0.15,166
18-11-2009,0,165
19-11-2009,0,163
20-11-2009,0,163
21-11-2009,4.76,163
22-11-2009,3.41,185
23-11-2009,0.1,196
24-11-2009,0,187
25-11-2009,0,180
26-11-2009,0,174
27-11-2009,0,165
28-11-2009,0,158
29-11-2009,0.39,155
30-11-2009,9.47,164
01-12-2009,15.92,191
02-12-2009,15.17,340
03-12-2009,0,471
04-12-2009,3.56,570
05-12-2009,0.07,470
06-12-2009,0.21,348
07-12-2009,10.78,332
08-12-2009,29.69,561
09-12-2009,2.65,925
10-12-2009,0,2180
11-12-2009,1.27,3130
12-12-2009,32.93,3190
13-12-2009,15.31,3410
14-12-2009,33.36,3030
15-12-2009,23.53,6120
16-12-2009,0,6920
17-12-2009,23.3,6040
18-12-2009,29.79,7250
19-12-2009,0,6790
20-12-2009,0,5340
21-12-2009,0,3790
22-12-2009,0,2210
23-12-2009,0.74,1210
24-12-2009,33.97,1290
25-12-2009,0.12,3750
26-12-2009,0,4140
27-12-2009,0.01,3500
28-12-2009,0,2390
29-12-2009,0,1250
30-12-2009,15.54,911
31-12-2009,1.12,1240
01-01-2010,2.63,1350
02-01-2010,0,1360
03-01-2010,0,1060
04-01-2010,0,853
05-01-2010,0,719
06-01-2010,0,637
07-01-2010,6.88,601
08-01-2010,0,665
09-01-2010,0,656
10-01-2010,0,616
11-01-2010,0,573
12-01-2010,0,521
13-01-2010,0,503
14-01-2010,0,481
15-01-2010,1.02,463
16-01-2010,11.14,458
17-01-2010,0.47,567
18-01-2010,0,650
19-01-2010,0,702
20-01-2010,26.86,656
21-01-2010,18.71,2870
22-01-2010,0,4970
23-01-2010,4.91,5080
24-01-2010,20.16,4420
25-01-2010,0.05,2960
26-01-2010,0,2410
27-01-2010,0,1510
28-01-2010,0,942
29-01-2010,19.55,788
30-01-2010,1.44,2040
31-01-2010,0,3480
01-02-2010,1.23,3200
02-02-2010,0,2280
03-02-2010,0.43,1380
04-02-2010,73.12,1670
05-02-2010,3.08,7100
06-02-2010,0.01,6770
07-02-2010,0,7520
08-02-2010,0.21,5260
09-02-2010,14.29,3210
10-02-2010,0,2730
11-02-2010,1.29,2170
12-02-2010,8.79,1590
13-02-2010,0.56,1490
14-02-2010,8.12,1540
15-02-2010,1.21,2220
16-02-2010,0,2310
17-02-2010,0,1870
18-02-2010,0,1310
19-02-2010,0,1020
20-02-2010,0,870
21-02-2010,7.28,787
22-02-2010,8.56,930
23-02-2010,2.16,1400
24-02-2010,1.61,1210
25-02-2010,0,1100
26-02-2010,0.5,972
27-02-2010,2.48,866
28-02-2010,0,803
01-03-2010,23.11,735
02-03-2010,10.94,3090
03-03-2010,0.01,4560
04-03-2010,0,4320
05-03-2010,0,3160
06-03-2010,0.01,1740
07-03-2010,0,1040
08-03-2010,0,835
09-03-2010,21.46,806
10-03-2010,18.54,5020
11-03-2010,10.87,6590
12-03-2010,2.92,7000
13-03-2010,0.02,6120
14-03-2010,0,3710
15-03-2010,0,1710
16-03-2010,0.01,1070
17-03-2010,0.22,878
18-03-2010,0.01,769
19-03-2010,0,699
20-03-2010,1.8,645
21-03-2010,20.56,840
22-03-2010,0.1,1270
23-03-2010,0.01,1530
24-03-2010,0.05,1110
25-03-2010,6.04,831
26-03-2010,0.01,819
27-03-2010,0.02,964
28-03-2010,0.29,809
29-03-2010,0,644
30-03-2010,0,551
31-03-2010,0,502
01-04-2010,0,463
02-04-2010,0.49,434
03-04-2010,20.43,788
04-04-2010,1.15,1980
05-04-2010,0,2220
06-04-2010,0,1390
07-04-2010,3.33,810
08-04-2010,17.57,1000
09-04-2010,0,2010
10-04-2010,0,2100
11-04-2010,0,1290
12-04-2010,0,674
13-04-2010,0.02,528
14-04-2010,0.19,451
15-04-2010,0.01,404
16-04-2010,0,370
17-04-2010,0,344
18-04-2010,0,325
19-04-2010,0.07,306
20-04-2010,0.56,293
21-04-2010,0,284
22-04-2010,0,271
23-04-2010,10.16,263
24-04-2010,27.34,401
25-04-2010,0,726
26-04-2010,0,1020
27-04-2010,0.82,584
28-04-2010,0,384
29-04-2010,0.01,318
30-04-2010,3.14,279
01-05-2010,4.17,259
02-05-2010,25.48,300
03-05-2010,2.71,669
04-05-2010,0.02,1240
05-05-2010,0,1190
06-05-2010,0,623
07-05-2010,0.24,394
08-05-2010,3.08,314
09-05-2010,0,272
10-05-2010,0.02,245
11-05-2010,0.02,226
12-05-2010,0,211
13-05-2010,0,201
14-05-2010,0,192
15-05-2010,4.37,186
16-05-2010,24.93,258
17-05-2010,6.03,434
18-05-2010,3.44,618
19-05-2010,0.3,664
20-05-2010,28.92,413
21-05-2010,10.5,876
22-05-2010,0.13,1280
23-05-2010,0.02,1310
24-05-2010,0.7,681
25-05-2010,8.94,403
26-05-2010,0.05,354
27-05-2010,1.1,304
28-05-2010,2.48,289
29-05-2010,3.65,273
30-05-2010,4.5,239
31-05-2010,3.08,219
01-06-2010,3.51,230
02-06-2010,6,220
03-06-2010,4,211
04-06-2010,5.77,197
05-06-2010,5.39,203
06-06-2010,0.64,205
07-06-2010,0,211
08-06-2010,0.01,207
09-06-2010,0.06,178
10-06-2010,0.22,163
11-06-2010,1.43,154
12-06-2010,0.27,167
13-06-2010,0.02,156
14-06-2010,0.03,143
15-06-2010,13.21,140
16-06-2010,1.32,319
17-06-2010,5.39,215
18-06-2010,1.2,303
19-06-2010,7.97,231
20-06-2010,0,270
21-06-2010,0.31,200
22-06-2010,3.14,173
23-06-2010,3.69,165
24-06-2010,0.11,228
25-06-2010,1.13,181
26-06-2010,0.13,147
27-06-2010,0.06,132
28-06-2010,4.17,123
29-06-2010,5.14,122
30-06-2010,18.94,117
01-07-2010,2.76,122
02-07-2010,1.13,172
03-07-2010,0.02,295
04-07-2010,0,309
05-07-2010,6.92,221
06-07-2010,7.9,184
07-07-2010,0.98,175
08-07-2010,0.85,159
09-07-2010,8.05,143
10-07-2010,1.24,135
11-07-2010,1.53,129
12-07-2010,0.11,121
13-07-2010,0.02,119
14-07-2010,1.79,111
15-07-2010,0.81,104
16-07-2010,15.02,105
17-07-2010,8.2,113
18-07-2010,12.48,106
19-07-2010,1.17,133
20-07-2010,1.84,198
21-07-2010,0.11,186
22-07-2010,0,165
23-07-2010,0.03,132
24-07-2010,7.05,115
25-07-2010,4.14,109
26-07-2010,6.01,107
27-07-2010,9.48,112
28-07-2010,2.44,141
29-07-2010,0.72,169
30-07-2010,0.63,154
31-07-2010,0.08,155
01-08-2010,0.01,133
02-08-2010,1.42,113
03-08-2010,4.08,100
04-08-2010,8.29,96.1
05-08-2010,6.89,93
06-08-2010,0.58,247
07-08-2010,3.61,202
08-08-2010,5.79,163
09-08-2010,1.95,164
10-08-2010,2.34,122
11-08-2010,0.03,106
12-08-2010,2.54,96.6
13-08-2010,20.07,144
14-08-2010,10.12,243
15-08-2010,10.5,356
16-08-2010,4.36,331
17-08-2010,10.29,228
18-08-2010,9.73,300
19-08-2010,11.7,439
20-08-2010,1.18,1240
21-08-2010,1.24,1990
22-08-2010,16.91,2090
23-08-2010,0.14,707
24-08-2010,0,719
25-08-2010,0,936
26-08-2010,0.01,402
27-08-2010,5.24,282
28-08-2010,8.71,248
29-08-2010,6.9,225
30-08-2010,10.14,213
31-08-2010,0.27,235
01-09-2010,0.02,214
02-09-2010,0.02,190
03-09-2010,0.62,175
04-09-2010,0,162
05-09-2010,0,151
06-09-2010,0.02,141
07-09-2010,0.02,136
08-09-2010,0.01,131
09-09-2010,0.01,128
10-09-2010,0,124
11-09-2010,0.47,122
12-09-2010,0.02,120
13-09-2010,0,114
14-09-2010,0.01,109
15-09-2010,0.14,105
16-09-2010,0,105
17-09-2010,0.03,102
18-09-2010,0.55,98.1
19-09-2010,0.85,96.3
20-09-2010,0.28,96.9
21-09-2010,0.01,94.3
22-09-2010,0.39,93.5
23-09-2010,0,96.9
24-09-2010,0.02,103
25-09-2010,1.9,91.4
26-09-2010,3.88,88.7
27-09-2010,0.02,90.5
28-09-2010,0,94.5
29-09-2010,0.02,96
30-09-2010,0.02,87.8
01-10-2010,0,82.9
02-10-2010,0,78.7
03-10-2010,0.01,76
04-10-2010,0,73
05-10-2010,0,72
06-10-2010,0,71
07-10-2010,0.02,71.7
08-10-2010,0,71.4
09-10-2010,0,70.2
10-10-2010,0,71.1
11-10-2010,0,71
12-10-2010,6.5,71
13-10-2010,0.28,75
14-10-2010,0.01,74
15-10-2010,0.01,72.7
16-10-2010,0,70.7
17-10-2010,0,70.9
18-10-2010,0,71.1
19-10-2010,1.04,71.8
20-10-2010,1.31,73.7
21-10-2010,0,74
22-10-2010,0,72.9
23-10-2010,0,72.1
24-10-2010,5.42,73
25-10-2010,2.18,74
26-10-2010,2.33,73
27-10-2010,16.71,76.1
28-10-2010,4.84,84.7
29-10-2010,0,98.1
30-10-2010,0,94.1
31-10-2010,0,86.4
01-11-2010,0.16,84
02-11-2010,17.54,87.9
03-11-2010,8.78,135
04-11-2010,5.71,172
05-11-2010,0,131
06-11-2010,0,107
07-11-2010,0,99.5
08-11-2010,0,96.4
09-11-2010,0,95
10-11-2010,0,93.9
11-11-2010,0,93.1
12-11-2010,0,92.1
13-11-2010,0.34,91.2
14-11-2010,8.17,93.4
15-11-2010,34.3,360
16-11-2010,12.26,799
17-11-2010,0,575
18-11-2010,2.12,396
19-11-2010,0,322
20-11-2010,0,277
21-11-2010,0,244
22-11-2010,0.2,219
23-11-2010,5.25,202
24-11-2010,0.47,197
25-11-2010,11.64,230
26-11-2010,11.98,291
27-11-2010,0,380
28-11-2010,0,373
29-11-2010,8.42,332
30-11-2010,15.32,364
01-12-2010,0,776
02-12-2010,0.29,1070
03-12-2010,0,964
04-12-2010,0,540
05-12-2010,0,364
06-12-2010,0,294
07-12-2010,0,254
08-12-2010,0,226
09-12-2010,0,208
10-12-2010,0,194
11-12-2010,14.03,188
12-12-2010,0.06,215
13-12-2010,0,221
14-12-2010,0,209
15-12-2010,0.05,199
16-12-2010,1.59,203
17-12-2010,1.42,198
18-12-2010,0.97,182
19-12-2010,0,183
20-12-2010,0,167
21-12-2010,0.02,154
22-12-2010,0.01,148
23-12-2010,0,141
24-12-2010,0,136
25-12-2010,6.43,135
26-12-2010,0.06,139
27-12-2010,0,142
28-12-2010,0,137
29-12-2010,1.13,133
30-12-2010,7.51,169
31-12-2010,16.83,233
01-01-2011,22.69,1030
02-01-2011,0,1600
03-01-2011,0,1780
04-01-2011,0.01,1410
05-01-2011,7.98,735
06-01-2011,0,479
07-01-2011,0,613
08-01-2011,0,544
09-01-2011,6.82,415
10-01-2011,2.25,371
11-01-2011,0.81,355
12-01-2011,0,338
13-01-2011,0,320
14-01-2011,0,308
15-01-2011,0.03,280
16-01-2011,0.65,257
17-01-2011,0.77,241
18-01-2011,8.16,231
19-01-2011,0.12,230
20-01-2011,2.28,224
21-01-2011,0.05,222
22-01-2011,0,228
23-01-2011,0,220
24-01-2011,4.86,211
25-01-2011,17.7,265
26-01-2011,0.06,493
27-01-2011,0,864
28-01-2011,0,713
29-01-2011,0,468
30-01-2011,11.53,366
31-01-2011,4.05,446
01-02-2011,24.1,1230
02-02-2011,0.02,2060
03-02-2011,4.93,1990
04-02-2011,17.77,1690
05-02-2011,0.07,1690
06-02-2011,0.08,1980
07-02-2011,0.69,1650
08-02-2011,0,942
09-02-2011,7.75,646
10-02-2011,0.17,567
11-02-2011,0,545
12-02-2011,0,507
13-02-2011,0.02,458
14-02-2011,0,407
15-02-2011,0,365
16-02-2011,0,338
17-02-2011,0,310
18-02-2011,0,295
19-02-2011,0,279
20-02-2011,0,267
21-02-2011,0,255
22-02-2011,0,245
23-02-2011,0,234
24-02-2011,4.66,219
25-02-2011,14.3,310
26-02-2011,0,506
27-02-2011,0,665
28-02-2011,2.44,509
01-03-2011,0,388
02-03-2011,0,307
03-03-2011,0,274
04-03-2011,12.93,253
05-03-2011,43.96,321
06-03-2011,0.25,1880
07-03-2011,0,2730
08-03-2011,67.18,2440
09-03-2011,50.09,13200
10-03-2011,0.01,13800
11-03-2011,0,14600
12-03-2011,0,14100
13-03-2011,0,5250
14-03-2011,17.57,2700
15-03-2011,1.94,1870
16-03-2011,0,2460
17-03-2011,0,2370
18-03-2011,0,1520
19-03-2011,0,938
20-03-2011,0,744
21-03-2011,0,620
22-03-2011,0,535
23-03-2011,0.01,480
24-03-2011,0,434
25-03-2011,0,394
26-03-2011,0.55,362
27-03-2011,1.83,343
28-03-2011,0.69,324
29-03-2011,18.24,311
30-03-2011,32.04,1170
31-03-2011,0.19,2340
01-04-2011,0.03,2950
02-04-2011,1.08,1980
03-04-2011,0,881
04-04-2011,20.76,604
05-04-2011,0,603
06-04-2011,0,647
07-04-2011,0,610
08-04-2011,0,518
09-04-2011,0,413
10-04-2011,0,351
11-04-2011,7.98,311
12-04-2011,0,305
13-04-2011,0,316
14-04-2011,0,293
15-04-2011,13.81,257
16-04-2011,0,701
17-04-2011,0.03,878
18-04-2011,0,608
19-04-2011,0.01,386
20-04-2011,6.45,302
21-04-2011,17.35,271
22-04-2011,0.11,313
23-04-2011,0.45,555
24-04-2011,0.03,619
25-04-2011,2.27,360
26-04-2011,9.62,281
27-04-2011,13.21,266
28-04-2011,0,314
29-04-2011,0.35,1350
30-04-2011,0.12,1460
01-05-2011,0,701
02-05-2011,2.35,387
03-05-2011,8.85,308
04-05-2011,0,283
05-05-2011,0.01,273
06-05-2011,0,310
07-05-2011,0,271
08-05-2011,0.01,248
09-05-2011,0,224
10-05-2011,0,206
11-05-2011,0,195
12-05-2011,0,185
13-05-2011,9.14,179
14-05-2011,0.85,189
15-05-2011,0,184
16-05-2011,0,173
17-05-2011,0,166
18-05-2011,0,162
19-05-2011,0,157
20-05-2011,0.01,153
21-05-2011,0.05,150
22-05-2011,0,146
23-05-2011,0,140
24-05-2011,0,136
25-05-2011,0.38,131
26-05-2011,6.7,131
27-05-2011,0,136
28-05-2011,0,130
29-05-2011,0,125
30-05-2011,0.72,123
31-05-2011,0,121
01-06-2011,0,121
02-06-2011,0,119
03-06-2011,0,117
04-06-2011,0.01,114
05-06-2011,0.05,112
06-06-2011,0.12,109
07-06-2011,6.49,108
08-06-2011,6.17,108
09-06-2011,0.13,113
10-06-2011,1.84,128
11-06-2011,2.46,133
12-06-2011,2.91,129
13-06-2011,3.88,133
14-06-2011,0.47,103
15-06-2011,0,90.2
16-06-2011,2.78,85.8
17-06-2011,0.25,81.3
18-06-2011,0.01,78.6
19-06-2011,0,77.1
20-06-2011,0.14,73.8
21-06-2011,26.9,83.2
22-06-2011,10.77,122
23-06-2011,3.36,133
24-06-2011,1.94,134
25-06-2011,0.17,102
26-06-2011,0,90.3
27-06-2011,0,84.4
28-06-2011,5.49,79.4
29-06-2011,0.01,77
30-06-2011,0,74.9
01-07-2011,0,73.2
02-07-2011,0.18,69.9
03-07-2011,1.67,67.6
04-07-2011,9.09,67.6
05-07-2011,20.33,116
06-07-2011,0.43,154
07-07-2011,0.16,106
08-07-2011,0.08,91.7
09-07-2011,0.01,83.9
10-07-2011,0.85,82.7
11-07-2011,6.56,81
12-07-2011,6.97,80.6
13-07-2011,13.55,91.5
14-07-2011,10.36,140
15-07-2011,3.02,138
16-07-2011,4.67,143
17-07-2011,6.59,119
18-07-2011,1.17,108
19-07-2011,0.01,105
20-07-2011,2.96,98.8
21-07-2011,7.48,93.2
22-07-2011,6.74,93.5
23-07-2011,16.46,129
24-07-2011,15.45,201
25-07-2011,14.05,283
26-07-2011,5.2,376
27-07-2011,9.68,250
28-07-2011,7.5,229
29-07-2011,4.82,207
30-07-2011,0.8,169
31-07-2011,5.89,164
01-08-2011,1.61,146
02-08-2011,0.02,125
03-08-2011,0,109
04-08-2011,8.62,98
05-08-2011,0.29,90.9
06-08-2011,2.12,85.2
07-08-2011,0.21,82.1
08-08-2011,0.11,80.7
09-08-2011,12.26,80.9
10-08-2011,3.98,105
11-08-2011,0.61,115
12-08-2011,0.22,103
13-08-2011,5.12,88.5
14-08-2011,0.04,87.8
15-08-2011,0,123
16-08-2011,0,89
17-08-2011,0.29,81
18-08-2011,4.69,76.3
19-08-2011,0.25,75
20-08-2011,0.38,74.4
21-08-2011,3.58,73.6
22-08-2011,2.82,85
23-08-2011,1.47,103
24-08-2011,1.85,95.2
25-08-2011,0.21,81.8
26-08-2011,0,72.9
27-08-2011,0,67.8
28-08-2011,0,64.9
29-08-2011,0,60.5
30-08-2011,0,58.6
31-08-2011,0,57.5
01-09-2011,0.1,56
02-09-2011,0.16,55
03-09-2011,26.94,57
04-09-2011,65.52,122
05-09-2011,86.17,1530
06-09-2011,0.16,5280
07-09-2011,0,7320
08-09-2011,0,5000
09-09-2011,0,1800
10-09-2011,0,629
11-09-2011,0.63,402
12-09-2011,0,316
13-09-2011,0.01,264
14-09-2011,0.08,227
15-09-2011,0.01,200
16-09-2011,0,178
17-09-2011,0.01,166
18-09-2011,6.43,155
19-09-2011,36.17,169
20-09-2011,5.01,304
21-09-2011,0.53,440
22-09-2011,4.77,404
23-09-2011,0.35,286
24-09-2011,0,220
25-09-2011,0.04,178
26-09-2011,4.53,155
27-09-2011,10.2,145
28-09-2011,3.36,151
29-09-2011,0,148
30-09-2011,0,132
01-10-2011,0,122
02-10-2011,0,116
03-10-2011,0,110
04-10-2011,0,107
05-10-2011,0,104
06-10-2011,0,99.9
07-10-2011,0.01,96.1
08-10-2011,0,92.8
09-10-2011,0,89.6
10-10-2011,0.04,87.3
11-10-2011,0.13,85.9
12-10-2011,8.89,87.8
13-10-2011,0.77,106
14-10-2011,0,107
15-10-2011,0,99.3
16-10-2011,0,90.5
17-10-2011,0,86.5
18-10-2011,0.35,83.9
19-10-2011,0,81
20-10-2011,0,79
21-10-2011,0,78
22-10-2011,0,78.1
23-10-2011,0.26,78.1
24-10-2011,0.09,77.9
25-10-2011,0,77.9
26-10-2011,0,77.6
27-10-2011,1.41,75.7
28-10-2011,1.61,75.3
29-10-2011,0,74.1
30-10-2011,0,73.8
31-10-2011,0,74.2
01-11-2011,0,73.5
02-11-2011,0,73.6
03-11-2011,6.23,74
04-11-2011,0,77
05-11-2011,0,81
06-11-2011,0,79
07-11-2011,0,76
08-11-2011,1.12,75
09-11-2011,3.9,80
10-11-2011,0,80.2
11-11-2011,0,78.8
12-11-2011,0,75.9
13-11-2011,0.02,74
14-11-2011,0.36,74.9
15-11-2011,15.49,77.9
16-11-2011,6.73,169
17-11-2011,0.02,221
18-11-2011,0,139
19-11-2011,0.04,111
20-11-2011,0.17,101
21-11-2011,0.25,97.5
22-11-2011,12.46,96.2
23-11-2011,0.08,108
24-11-2011,0,114
25-11-2011,0,102
26-11-2011,18.1,96.3
27-11-2011,12.27,128
28-11-2011,1.62,154
29-11-2011,0.04,174
30-11-2011,0,176
01-12-2011,0,152
02-12-2011,0,128
03-12-2011,0,115
04-12-2011,0.09,107
05-12-2011,5.96,103
06-12-2011,9.98,109
07-12-2011,5.2,122
08-12-2011,0,133
09-12-2011,0,125
10-12-2011,0,117
11-12-2011,0,113
12-12-2011,0,108
13-12-2011,0.04,105
14-12-2011,0.16,104
15-12-2011,5.88,103
16-12-2011,2.29,105
17-12-2011,0.02,113
18-12-2011,0,109
19-12-2011,0.06,105
20-12-2011,7.01,103
21-12-2011,3.15,115
22-12-2011,21.34,133
23-12-2011,0.68,169
24-12-2011,0.32,147
25-12-2011,32.45,195
26-12-2011,40.3,664
27-12-2011,3.78,2780
28-12-2011,0,3250
29-12-2011,0,3170
30-12-2011,0,2060
31-12-2011,0.01,809
01-01-2012,0.04,504
02-01-2012,0,402
03-01-2012,0,341
04-01-2012,0,301
05-01-2012,0,277
06-01-2012,0.01,260
07-01-2012,1.01,245
08-01-2012,20.1,242
09-01-2012,11.11,486
10-01-2012,23.1,1050
11-01-2012,1.54,1750
12-01-2012,0.01,1440
13-01-2012,0,1030
14-01-2012,0,617
15-01-2012,0,457
16-01-2012,0.05,376
17-01-2012,18.76,344
18-01-2012,0.05,364
19-01-2012,0.57,380
20-01-2012,2.32,370
21-01-2012,5.42,372
22-01-2012,5.35,354
23-01-2012,8.46,507
24-01-2012,0.19,854
25-01-2012,7.31,1310
26-01-2012,43.66,2640
27-01-2012,0.07,3820
28-01-2012,0,3710
29-01-2012,0,2650
30-01-2012,0,1190
31-01-2012,0.9,660
01-02-2012,18.81,637
02-02-2012,1.36,1420
03-02-2012,14.3,1770
04-02-2012,12.16,2240
05-02-2012,1.86,4020
06-02-2012,0,4220
07-02-2012,0.14,3010
08-02-2012,0.08,1470
09-02-2012,0.04,824
10-02-2012,2.54,642
11-02-2012,0.23,555
12-02-2012,0,493
13-02-2012,14.66,448
14-02-2012,5.82,738
15-02-2012,11.2,1170
16-02-2012,14.64,2160
17-02-2012,0,3000
18-02-2012,53.33,4060
19-02-2012,2.42,6990
20-02-2012,0,5860
21-02-2012,0.01,5650
22-02-2012,0.02,3550
23-02-2012,0.1,1930
24-02-2012,1.24,1100
25-02-2012,0,775
26-02-2012,0.07,633
27-02-2012,2.6,552
28-02-2012,8.45,602
29-02-2012,3.63,657
01-03-2012,3.08,582
02-03-2012,17.26,600
03-03-2012,18.38,3250
04-03-2012,0,2770
05-03-2012,0,1750
06-03-2012,0,1010
07-03-2012,0,682
08-03-2012,15.59,554
09-03-2012,19.75,2430
10-03-2012,0,3370
11-03-2012,2.46,2870
12-03-2012,6.92,1850
13-03-2012,0.64,1120
14-03-2012,0.06,832
15-03-2012,0.01,689
16-03-2012,0,588
17-03-2012,0,511
18-03-2012,0,457
19-03-2012,0,415
20-03-2012,0.04,382
21-03-2012,43.24,876
22-03-2012,71.2,11800
23-03-2012,5.02,15100
24-03-2012,0,17000
25-03-2012,0,17600
26-03-2012,0,7440
27-03-2012,0,3020
28-03-2012,0.35,1480
29-03-2012,0.23,964
30-03-2012,2.91,782
31-03-2012,0.18,671
01-04-2012,0,590
02-04-2012,15.96,557
03-04-2012,10.13,1110
04-04-2012,1.49,1590
05-04-2012,6.34,1700
06-04-2012,0,1780
07-04-2012,0,1310
08-04-2012,0,843
09-04-2012,0,612
10-04-2012,0.22,504
11-04-2012,0.48,442
12-04-2012,0,400
13-04-2012,0,370
14-04-2012,0,345
15-04-2012,0.09,322
16-04-2012,6.44,310
17-04-2012,29.24,344
18-04-2012,0.27,450
19-04-2012,0,450
20-04-2012,0,383
21-04-2012,0.02,335
22-04-2012,0.01,306
23-04-2012,0,280
24-04-2012,0,260
25-04-2012,0,246
26-04-2012,0.27,235
27-04-2012,0.03,226
28-04-2012,0,218
29-04-2012,0,212
30-04-2012,0,204
01-05-2012,0,197
02-05-2012,12.82,203
03-05-2012,2.18,293
04-05-2012,0.03,278
05-05-2012,0.3,245
06-05-2012,2.54,212
07-05-2012,6.62,197
08-05-2012,8.03,209
09-05-2012,2.37,281
10-05-2012,0,239
11-05-2012,0.03,206
12-05-2012,30.98,197
13-05-2012,3.1,197
14-05-2012,0.01,526
15-05-2012,0,981
16-05-2012,0,534
17-05-2012,0,305
18-05-2012,0.13,232
19-05-2012,0.01,198
20-05-2012,0.01,178
21-05-2012,2.92,163
22-05-2012,0.18,153
23-05-2012,0.01,145
24-05-2012,0,138
25-05-2012,0,132
26-05-2012,0,125
27-05-2012,0,120
28-05-2012,0.59,116
29-05-2012,0.42,111
30-05-2012,9.34,107
31-05-2012,22.6,125
01-06-2012,0.35,188
02-06-2012,0,241
03-06-2012,0,291
04-06-2012,0.75,234
05-06-2012,16.75,173
06-06-2012,0.08,171
07-06-2012,0.02,190
08-06-2012,1.21,170
09-06-2012,6.06,157
10-06-2012,14.51,154
11-06-2012,29.33,166
12-06-2012,3.38,256
13-06-2012,0.24,413
14-06-2012,0.34,746
15-06-2012,0.15,739
16-06-2012,0.01,358
17-06-2012,0,225
18-06-2012,0,175
19-06-2012,0,149
20-06-2012,0,133
21-06-2012,0,122
22-06-2012,0,114
23-06-2012,0.02,109
24-06-2012,1.2,104
25-06-2012,0,98.9
26-06-2012,0,94.6
27-06-2012,0,90.8
28-06-2012,0,88
29-06-2012,0,85.3
30-06-2012,0,83
01-07-2012,0.18,80.9
02-07-2012,0.45,79
03-07-2012,0.46,79.5
04-07-2012,2.88,79.4
05-07-2012,4.09,83.3
06-07-2012,8.37,86.3
07-07-2012,1.39,89.1
08-07-2012,4.28,102
09-07-2012,9.11,110
10-07-2012,19.67,145
11-07-2012,32.15,141
12-07-2012,26.56,300
13-07-2012,12.37,568
14-07-2012,8.54,1330
15-07-2012,8.14,1080
16-07-2012,0.51,733
17-07-2012,4.95,903
18-07-2012,22.03,690
19-07-2012,23.2,667
20-07-2012,6.38,1100
21-07-2012,11.16,1990
22-07-2012,0.83,2440
23-07-2012,0.06,2750
24-07-2012,0.56,2670
25-07-2012,0.02,1370
26-07-2012,0.06,399
27-07-2012,7.02,271
28-07-2012,0.92,260
29-07-2012,0.85,273
30-07-2012,0.09,212
31-07-2012,1.22,180
01-08-2012,0.43,162
02-08-2012,3.74,148
03-08-2012,3.32,142
04-08-2012,4.28,210
05-08-2012,3.52,160
06-08-2012,7.59,146
07-08-2012,0.11,196
08-08-2012,2.97,234
09-08-2012,19.34,207
10-08-2012,6.4,168
11-08-2012,0.95,284
12-08-2012,0.06,351
13-08-2012,5.95,209
14-08-2012,1.37,164
15-08-2012,1.59,396
16-08-2012,20.38,391
17-08-2012,12.26,320
18-08-2012,23.92,320
19-08-2012,2.25,369
20-08-2012,3.38,320
21-08-2012,0.01,270
22-08-2012,0.01,288
23-08-2012,0.07,224
24-08-2012,1.33,188
25-08-2012,3.54,154
26-08-2012,0.01,138
27-08-2012,0,128
28-08-2012,8.91,130
29-08-2012,91.02,209
30-08-2012,68.55,4300
31-08-2012,13.35,6060
01-09-2012,3.63,5510
02-09-2012,0.96,4320
03-09-2012,0.92,2460
04-09-2012,7.01,1240
05-09-2012,0.77,689
06-09-2012,0.1,486
07-09-2012,0.01,387
08-09-2012,0.26,331
09-09-2012,0,291
10-09-2012,0,262
11-09-2012,0,236
12-09-2012,0.19,217
13-09-2012,0.04,203
14-09-2012,0,188
15-09-2012,0.2,175
16-09-2012,5.85,164
17-09-2012,21.79,163
18-09-2012,20.55,191
19-09-2012,0,390
20-09-2012,0,663
21-09-2012,0.02,519
22-09-2012,0,348
23-09-2012,0,250
24-09-2012,0,207
25-09-2012,0,181
26-09-2012,0.02,164
27-09-2012,0.01,153
28-09-2012,0.04,145
29-09-2012,15.27,141
30-09-2012,35.55,178
01-10-2012,5.16,314
02-10-2012,0.01,375
03-10-2012,0.76,428
04-10-2012,0,313
05-10-2012,0,245
06-10-2012,0.02,202
07-10-2012,0,177
08-10-2012,0,162
09-10-2012,0,148
10-10-2012,0,141
11-10-2012,0,134
12-10-2012,0,129
13-10-2012,0,128
14-10-2012,2.46,130
15-10-2012,0.56,128
16-10-2012,0,121
17-10-2012,1.84,113
18-10-2012,22.31,113
19-10-2012,0.01,130
20-10-2012,0,117
21-10-2012,0,106
22-10-2012,0,103
23-10-2012,0,101
24-10-2012,0,99.6
25-10-2012,0,98.7
26-10-2012,0.03,97.7
27-10-2012,0,97
28-10-2012,0,94.9
29-10-2012,0,94.5
30-10-2012,0,93.2
31-10-2012,0.01,91.9
01-11-2012,0,91.8
02-11-2012,0,92.1
03-11-2012,2.19,91.3
04-11-2012,2.36,93.2
05-11-2012,9.04,96.5
06-11-2012,0.1,107
07-11-2012,0,113
08-11-2012,0,105
09-11-2012,0,97.8
10-11-2012,0,96.9
11-11-2012,3.16,95.8
12-11-2012,15.79,133
13-11-2012,0,216
14-11-2012,0,198
15-11-2012,0,181
16-11-2012,0,161
17-11-2012,0,141
18-11-2012,0,130
19-11-2012,0,122
20-11-2012,0.02,119
21-11-2012,0,116
22-11-2012,0,113
23-11-2012,0.01,111
24-11-2012,0,109
25-11-2012,0,109
26-11-2012,10.34,113
27-11-2012,14.08,183
28-11-2012,0.04,258
29-11-2012,0,247
30-11-2012,0,238
01-12-2012,0,201
02-12-2012,0.02,176
03-12-2012,0.11,159
04-12-2012,15.03,149
05-12-2012,1.78,220
06-12-2012,0.22,216
07-12-2012,0.15,204
08-12-2012,0.5,211
09-12-2012,5.09,201
10-12-2012,33.5,265
11-12-2012,0.01,652
12-12-2012,0.01,1140
13-12-2012,0,889
14-12-2012,0.08,453
15-12-2012,0.14,316
16-12-2012,26.8,274
17-12-2012,6.9,446
18-12-2012,0,977
19-12-2012,1.29,992
20-12-2012,10.72,601
21-12-2012,0,638
22-12-2012,0,865
23-12-2012,1,555
24-12-2012,5.77,391
25-12-2012,54.01,984
26-12-2012,1.21,2560
27-12-2012,0,3920
28-12-2012,45.52,6040
29-12-2012,0.29,9110
30-12-2012,0,6890
31-12-2012,0.34,6450
